address,raw_name,demangled_name
0x401000,sub_401000,sub_401000
0x4010D7,sub_4010D7,sub_4010D7
0x401155,sub_401155,sub_401155
0x401180,sub_401180,sub_401180
0x401266,sub_401266,sub_401266
0x4016D6,sub_4016D6,sub_4016D6
0x401717,sub_401717,sub_401717
0x401743,sub_401743,sub_401743
0x40182A,sub_40182A,sub_40182A
0x40187F,sub_40187F,sub_40187F
0x4018BB,sub_4018BB,sub_4018BB
0x4018CD,sub_4018CD,sub_4018CD
0x4018E6,sub_4018E6,sub_4018E6
0x4018F2,sub_4018F2,sub_4018F2
0x40190B,sub_40190B,sub_40190B
0x401911,sub_401911,sub_401911
0x401944,sub_401944,sub_401944
0x401A0D,sub_401A0D,sub_401A0D
0x401A9A,sub_401A9A,sub_401A9A
0x401AB8,sub_401AB8,sub_401AB8
0x401AD7,sub_401AD7,sub_401AD7
0x401AF6,sub_401AF6,sub_401AF6
0x401B15,sub_401B15,sub_401B15
0x401B33,sub_401B33,sub_401B33
0x401B3E,sub_401B3E,sub_401B3E
0x401B63,sub_401B63,sub_401B63
0x401B87,sub_401B87,sub_401B87
0x401C8C,sub_401C8C,sub_401C8C
0x401CAA,sub_401CAA,sub_401CAA
0x401D23,sub_401D23,sub_401D23
0x401D41,sub_401D41,sub_401D41
0x401DBA,sub_401DBA,sub_401DBA
0x401E4E,sub_401E4E,sub_401E4E
0x401E6C,sub_401E6C,sub_401E6C
0x401E88,sub_401E88,sub_401E88
0x401ED5,sub_401ED5,sub_401ED5
0x401F31,sub_401F31,sub_401F31
0x401F47,sub_401F47,sub_401F47
0x401F5F,sub_401F5F,sub_401F5F
0x402047,sub_402047,sub_402047
0x402090,sub_402090,sub_402090
0x402195,sub_402195,sub_402195
0x402291,sub_402291,sub_402291
0x4024FA,sub_4024FA,sub_4024FA
0x4025C8,sub_4025C8,sub_4025C8
0x40264D,sub_40264D,sub_40264D
0x402669,sub_402669,sub_402669
0x40275C,sub_40275C,sub_40275C
0x40277C,sub_40277C,sub_40277C
0x40279A,sub_40279A,sub_40279A
0x4027E9,sub_4027E9,sub_4027E9
0x402807,sub_402807,sub_402807
0x402836,sub_402836,sub_402836
0x402865,sub_402865,sub_402865
0x4028AD,sub_4028AD,sub_4028AD
0x4028CE,nullsub_1,nullsub_1
0x4028D1,nullsub_3,nullsub_3
0x4028D4,sub_4028D4,sub_4028D4
0x4029A8,sub_4029A8,sub_4029A8
0x402A05,sub_402A05,sub_402A05
0x402A5E,sub_402A5E,sub_402A5E
0x402A87,sub_402A87,sub_402A87
0x402D8A,sub_402D8A,sub_402D8A
0x402D9E,sub_402D9E,sub_402D9E
0x402E51,sub_402E51,sub_402E51
0x402F31,sub_402F31,sub_402F31
0x402F4D,sub_402F4D,sub_402F4D
0x402FD0,sub_402FD0,sub_402FD0
0x403037,sub_403037,sub_403037
0x403055,sub_403055,sub_403055
0x403148,sub_403148,sub_403148
0x40315C,sub_40315C,sub_40315C
0x4033D0,sub_4033D0,sub_4033D0
0x403423,sub_403423,sub_403423
0x40346E,sub_40346E,sub_40346E
0x403918,sub_403918,sub_403918
0x403939,sub_403939,sub_403939
0x4039B7,sub_4039B7,sub_4039B7
0x403A04,sub_403A04,sub_403A04
0x403A92,sub_403A92,sub_403A92
0x403BA0,sub_403BA0,sub_403BA0
0x403BC3,sub_403BC3,sub_403BC3
0x403BFE,sub_403BFE,sub_403BFE
0x403C4B,sub_403C4B,sub_403C4B
0x403CCC,sub_403CCC,sub_403CCC
0x403D1C,sub_403D1C,sub_403D1C
0x403D45,sub_403D45,sub_403D45
0x403D86,sub_403D86,sub_403D86
0x403D9A,sub_403D9A,sub_403D9A
0x403DF3,sub_403DF3,sub_403DF3
0x403E3D,sub_403E3D,sub_403E3D
0x403E89,sub_403E89,sub_403E89
0x403EFF,sub_403EFF,sub_403EFF
0x403F47,sub_403F47,sub_403F47
0x403F86,sub_403F86,sub_403F86
0x403FA5,sub_403FA5,sub_403FA5
0x403FC7,sub_403FC7,sub_403FC7
0x404000,sub_404000,sub_404000
0x404390,sub_404390,sub_404390
0x404624,sub_404624,sub_404624
0x404885,sub_404885,sub_404885
0x4048D3,sub_4048D3,sub_4048D3
0x40491A,sub_40491A,sub_40491A
0x404971,sub_404971,sub_404971
0x4049B9,sub_4049B9,sub_4049B9
0x404A65,sub_404A65,sub_404A65
0x404B95,sub_404B95,sub_404B95
0x405096,sub_405096,sub_405096
0x40516E,sub_40516E,sub_40516E
0x40548C,sub_40548C,sub_40548C
0x405CDC,sub_405CDC,sub_405CDC
0x405D67,sub_405D67,sub_405D67
0x405DAB,sub_405DAB,sub_405DAB
0x405DE9,sub_405DE9,sub_405DE9
0x405E2D,sub_405E2D,sub_405E2D
0x405E75,sub_405E75,sub_405E75
0x405EA8,sub_405EA8,sub_405EA8
0x405FE3,sub_405FE3,sub_405FE3
0x406095,sub_406095,sub_406095
0x4060EA,sub_4060EA,sub_4060EA
0x406368,sub_406368,sub_406368
0x4063D9,sub_4063D9,sub_4063D9
0x40643C,sub_40643C,sub_40643C
0x40645E,sub_40645E,sub_40645E
0x40764A,sub_40764A,sub_40764A
0x40776D,sub_40776D,sub_40776D
0x4077CA,sub_4077CA,sub_4077CA
0x407816,sub_407816,sub_407816
0x407942,sub_407942,sub_407942
0x4079E2,sub_4079E2,sub_4079E2
0x407D45,sub_407D45,sub_407D45
0x407F18,sub_407F18,sub_407F18
0x408008,sub_408008,sub_408008
0x40814D,sub_40814D,sub_40814D
0x40827C,sub_40827C,sub_40827C
0x408362,sub_408362,sub_408362
0x408443,sub_408443,sub_408443
0x408555,sub_408555,sub_408555
0x40869D,sub_40869D,sub_40869D
0x40884C,sub_40884C,sub_40884C
0x408880,sub_408880,sub_408880
0x4089E3,sub_4089E3,sub_4089E3
0x408B17,sub_408B17,sub_408B17
0x408C4B,sub_408C4B,sub_408C4B
0x408E37,sub_408E37,sub_408E37
0x40902A,sub_40902A,sub_40902A
0x409382,sub_409382,sub_409382
0x4095A8,sub_4095A8,sub_4095A8
0x409707,sub_409707,sub_409707
0x409ACB,sub_409ACB,sub_409ACB
0x409C65,sub_409C65,sub_409C65
0x409F43,sub_409F43,sub_409F43
0x40A1BD,sub_40A1BD,sub_40A1BD
0x40A1F9,sub_40A1F9,sub_40A1F9
0x40A275,sub_40A275,sub_40A275
0x40A28C,sub_40A28C,sub_40A28C
0x40A2BC,sub_40A2BC,sub_40A2BC
0x40A2E6,sub_40A2E6,sub_40A2E6
0x40A389,sub_40A389,sub_40A389
0x40A4F7,sub_40A4F7,sub_40A4F7
0x40A57C,sub_40A57C,sub_40A57C
0x40A80A,sub_40A80A,sub_40A80A
0x40A86C,sub_40A86C,sub_40A86C
0x40AC3F,sub_40AC3F,sub_40AC3F
0x40AE2C,sub_40AE2C,sub_40AE2C
0x40B6BD,sub_40B6BD,sub_40B6BD
0x40B6D7,sub_40B6D7,sub_40B6D7
0x40B717,sub_40B717,sub_40B717
0x40B74D,sub_40B74D,sub_40B74D
0x40B75F,sub_40B75F,sub_40B75F
0x40B797,sub_40B797,sub_40B797
0x40B7DA,sub_40B7DA,sub_40B7DA
0x40B827,sub_40B827,sub_40B827
0x4346C8,sub_4346C8,sub_4346C8
0x43C328,sub_43C328,sub_43C328
0x4492DD,sub_4492DD,sub_4492DD
0x44981C,sub_44981C,sub_44981C
0x449C63,sub_449C63,sub_449C63
0x449E4C,sub_449E4C,sub_449E4C
0x449F66,sub_449F66,sub_449F66
0x44A20D,sub_44A20D,sub_44A20D
0x44A527,sub_44A527,sub_44A527
0x44ABDD,sub_44ABDD,sub_44ABDD
0x44AEC3,sub_44AEC3,sub_44AEC3
0x44B0A8,sub_44B0A8,sub_44B0A8
0x44B112,sub_44B112,sub_44B112
0x44B17B,sub_44B17B,sub_44B17B
0x44B1C3,sub_44B1C3,sub_44B1C3
0x44B20C,sub_44B20C,sub_44B20C
0x44B6AA,sub_44B6AA,sub_44B6AA
0x44B71A,sub_44B71A,sub_44B71A
0x44BC8B,sub_44BC8B,sub_44BC8B
0x44BFB0,sub_44BFB0,sub_44BFB0
0x44C35F,sub_44C35F,sub_44C35F
0x44C5FA,sub_44C5FA,sub_44C5FA
0x44C767,sub_44C767,sub_44C767
0x44C9C1,sub_44C9C1,sub_44C9C1
0x44C9F9,sub_44C9F9,sub_44C9F9
0x44CB48,sub_44CB48,sub_44CB48
0x44CBD5,sub_44CBD5,sub_44CBD5
0x44CC72,sub_44CC72,sub_44CC72
0x44CF2E,sub_44CF2E,sub_44CF2E
0x44D8EF,sub_44D8EF,sub_44D8EF
0x44D95A,sub_44D95A,sub_44D95A
0x44D987,sub_44D987,sub_44D987
0x44DAC3,sub_44DAC3,sub_44DAC3
0x44E5B1,sub_44E5B1,sub_44E5B1
0x44FFD3,sub_44FFD3,sub_44FFD3
0x4502EB,sub_4502EB,sub_4502EB
0x4506FB,sub_4506FB,sub_4506FB
0x450874,sub_450874,sub_450874
0x450917,sub_450917,sub_450917
0x450979,sub_450979,sub_450979
0x4509FA,sub_4509FA,sub_4509FA
0x450FBA,sub_450FBA,sub_450FBA
0x450FFE,sub_450FFE,sub_450FFE
0x45105D,sub_45105D,sub_45105D
0x4512C2,sub_4512C2,sub_4512C2
0x45139F,sub_45139F,sub_45139F
0x4514C0,sub_4514C0,sub_4514C0
0x4514FC,sub_4514FC,sub_4514FC
0x451556,sub_451556,sub_451556
0x451D14,sub_451D14,sub_451D14
0x4520B3,sub_4520B3,sub_4520B3
0x452875,sub_452875,sub_452875
0x452AC5,sub_452AC5,sub_452AC5
0x452BE1,sub_452BE1,sub_452BE1
0x452C15,sub_452C15,sub_452C15
0x452C34,sub_452C34,sub_452C34
0x452C70,sub_452C70,sub_452C70
0x452D41,sub_452D41,sub_452D41
0x45307E,sub_45307E,sub_45307E
0x453307,sub_453307,sub_453307
0x45350E,sub_45350E,sub_45350E
0x4535B1,sub_4535B1,sub_4535B1
0x45373F,sub_45373F,sub_45373F
0x453754,sub_453754,sub_453754
0x453781,sub_453781,sub_453781
0x4537C5,sub_4537C5,sub_4537C5
0x4537F2,sub_4537F2,sub_4537F2
0x453894,sub_453894,sub_453894
0x453927,sub_453927,sub_453927
0x45399A,sub_45399A,sub_45399A
0x45443B,sub_45443B,sub_45443B
0x454470,sub_454470,sub_454470
0x454755,sub_454755,sub_454755
0x454821,sub_454821,sub_454821
0x456330,sub_456330,sub_456330
0x456721,sub_456721,sub_456721
0x45685B,sub_45685B,sub_45685B
0x45770A,sub_45770A,sub_45770A
0x4577D7,sub_4577D7,sub_4577D7
0x4579B9,sub_4579B9,sub_4579B9
0x4580A2,sub_4580A2,sub_4580A2
0x4580E1,sub_4580E1,sub_4580E1
0x4586E8,sub_4586E8,sub_4586E8
0x45884C,sub_45884C,sub_45884C
0x458A2C,sub_458A2C,sub_458A2C
0x458D78,sub_458D78,sub_458D78
0x458DBF,sub_458DBF,sub_458DBF
0x458E29,sub_458E29,sub_458E29
0x458E6A,sub_458E6A,sub_458E6A
0x458EAB,sub_458EAB,sub_458EAB
0x458F31,sub_458F31,sub_458F31
0x45901D,sub_45901D,sub_45901D
0x45903B,sub_45903B,sub_45903B
0x459FC5,sub_459FC5,sub_459FC5
0x45A038,sub_45A038,sub_45A038
0x45AF59,sub_45AF59,sub_45AF59
0x45AF86,sub_45AF86,sub_45AF86
0x45B0D0,sub_45B0D0,sub_45B0D0
0x45B110,sub_45B110,sub_45B110
0x45B281,sub_45B281,sub_45B281
0x45B326,sub_45B326,sub_45B326
0x45B378,sub_45B378,sub_45B378
0x45C038,sub_45C038,sub_45C038
0x45C094,sub_45C094,sub_45C094
0x45C42C,sub_45C42C,sub_45C42C
0x45C4AD,sub_45C4AD,sub_45C4AD
0x45C4EF,sub_45C4EF,sub_45C4EF
0x45DFD8,sub_45DFD8,sub_45DFD8
0x45E203,sub_45E203,sub_45E203
0x45E4B7,sub_45E4B7,sub_45E4B7
0x45E4D4,sub_45E4D4,sub_45E4D4
0x45E50D,sub_45E50D,sub_45E50D
0x45E768,sub_45E768,sub_45E768
0x45EC57,sub_45EC57,sub_45EC57
0x45ED43,sub_45ED43,sub_45ED43
0x45EEB2,sub_45EEB2,sub_45EEB2
0x45EF37,sub_45EF37,sub_45EF37
0x45F1C0,sub_45F1C0,sub_45F1C0
0x45F2A1,sub_45F2A1,sub_45F2A1
0x45F31A,sub_45F31A,sub_45F31A
0x45F3E4,sub_45F3E4,sub_45F3E4
0x45F4C5,sub_45F4C5,sub_45F4C5
0x45F555,sub_45F555,sub_45F555
0x45F5C2,sub_45F5C2,sub_45F5C2
0x45F621,sub_45F621,sub_45F621
0x45F69A,sub_45F69A,sub_45F69A
0x45F6D1,sub_45F6D1,sub_45F6D1
0x45F71F,sub_45F71F,sub_45F71F
0x45F75A,sub_45F75A,sub_45F75A
0x45F7F0,sub_45F7F0,sub_45F7F0
0x45F897,sub_45F897,sub_45F897
0x45FB5E,sub_45FB5E,sub_45FB5E
0x45FD04,sub_45FD04,sub_45FD04
0x45FD1C,sub_45FD1C,sub_45FD1C
0x45FD34,sub_45FD34,sub_45FD34
0x45FD4D,sub_45FD4D,sub_45FD4D
0x45FD94,sub_45FD94,sub_45FD94
0x45FDAF,sub_45FDAF,sub_45FDAF
0x45FDB2,sub_45FDB2,sub_45FDB2
0x45FDD6,sub_45FDD6,sub_45FDD6
0x45FDE3,sub_45FDE3,sub_45FDE3
0x46002A,sub_46002A,sub_46002A
0x46004A,sub_46004A,sub_46004A
0x46014F,sub_46014F,sub_46014F
0x46018A,sub_46018A,sub_46018A
0x46019E,sub_46019E,sub_46019E
0x460269,sub_460269,sub_460269
0x46034C,sub_46034C,sub_46034C
0x4605B4,sub_4605B4,sub_4605B4
0x4605CD,sub_4605CD,sub_4605CD
0x4605DA,sub_4605DA,sub_4605DA
0x4605E7,sub_4605E7,sub_4605E7
0x460607,sub_460607,sub_460607
0x460630,sub_460630,sub_460630
0x460659,sub_460659,sub_460659
0x460671,sub_460671,sub_460671
0x46068F,sub_46068F,sub_46068F
0x4606A1,sub_4606A1,sub_4606A1
0x4606BA,sub_4606BA,sub_4606BA
0x4606CC,sub_4606CC,sub_4606CC
0x46079A,sub_46079A,sub_46079A
0x4607C6,sub_4607C6,sub_4607C6
0x4607EC,sub_4607EC,sub_4607EC
0x46083F,sub_46083F,sub_46083F
0x46086F,sub_46086F,sub_46086F
0x463F70,sub_463F70,sub_463F70
0x464473,sub_464473,sub_464473
0x4644B7,sub_4644B7,sub_4644B7
0x464872,sub_464872,sub_464872
0x4648F9,sub_4648F9,sub_4648F9
0x46491C,sub_46491C,sub_46491C
0x464A29,sub_464A29,sub_464A29
0x464CBE,sub_464CBE,sub_464CBE
0x464E1C,sub_464E1C,sub_464E1C
0x4651F3,sub_4651F3,sub_4651F3
0x465205,sub_465205,sub_465205
0x4652CF,sub_4652CF,sub_4652CF
0x465303,sub_465303,sub_465303
0x465348,sub_465348,sub_465348
0x46547A,sub_46547A,sub_46547A
0x4655D2,sub_4655D2,sub_4655D2
0x465BA2,sub_465BA2,sub_465BA2
0x465BF1,sub_465BF1,sub_465BF1
0x465C85,sub_465C85,sub_465C85
0x465D0E,sub_465D0E,sub_465D0E
0x465D21,sub_465D21,sub_465D21
0x465D62,sub_465D62,sub_465D62
0x465E10,sub_465E10,sub_465E10
0x465ED1,sub_465ED1,sub_465ED1
0x465F06,sub_465F06,sub_465F06
0x4661B3,sub_4661B3,sub_4661B3
0x4661E3,sub_4661E3,sub_4661E3
0x4662FB,sub_4662FB,sub_4662FB
0x466362,sub_466362,sub_466362
0x4663CA,sub_4663CA,sub_4663CA
0x466430,sub_466430,sub_466430
0x4664A2,sub_4664A2,sub_4664A2
0x466503,sub_466503,sub_466503
0x466AD8,sub_466AD8,sub_466AD8
0x466CBB,sub_466CBB,sub_466CBB
0x466FF9,sub_466FF9,sub_466FF9
0x467045,sub_467045,sub_467045
0x467061,sub_467061,sub_467061
0x4676B7,sub_4676B7,sub_4676B7
0x4676E6,sub_4676E6,sub_4676E6
0x467732,sub_467732,sub_467732
0x467D5A,sub_467D5A,sub_467D5A
0x468871,sub_468871,sub_468871
0x468F99,sub_468F99,sub_468F99
0x4695CB,sub_4695CB,sub_4695CB
0x469DAA,sub_469DAA,sub_469DAA
0x46A0E9,sub_46A0E9,sub_46A0E9
0x46D9E9,sub_46D9E9,sub_46D9E9
0x472B96,sub_472B96,sub_472B96
0x4736D7,sub_4736D7,sub_4736D7
0x473DD2,sub_473DD2,sub_473DD2
0x474246,sub_474246,sub_474246
0x474B42,sub_474B42,sub_474B42
0x4758C5,sub_4758C5,sub_4758C5
0x4759B2,sub_4759B2,sub_4759B2
0x4785B1,sub_4785B1,sub_4785B1
0x4785CE,sub_4785CE,sub_4785CE
0x47861C,sub_47861C,sub_47861C
0x4786B0,sub_4786B0,sub_4786B0
0x478716,sub_478716,sub_478716
0x47873F,sub_47873F,sub_47873F
0x47896B,sub_47896B,sub_47896B
0x478B17,sub_478B17,sub_478B17
0x478DF2,sub_478DF2,sub_478DF2
0x47917A,sub_47917A,sub_47917A
0x4793F0,sub_4793F0,sub_4793F0
0x479678,sub_479678,sub_479678
0x479A88,sub_479A88,sub_479A88
0x479AF2,sub_479AF2,sub_479AF2
0x479B87,sub_479B87,sub_479B87
0x479BAB,sub_479BAB,sub_479BAB
0x479C0F,sub_479C0F,sub_479C0F
0x479C67,sub_479C67,sub_479C67
0x479C9B,sub_479C9B,sub_479C9B
0x479CC5,sub_479CC5,sub_479CC5
0x479CF8,sub_479CF8,sub_479CF8
0x47A951,sub_47A951,sub_47A951
0x47AA08,sub_47AA08,sub_47AA08
0x480AAC,sub_480AAC,sub_480AAC
0x480B2D,sub_480B2D,sub_480B2D
0x480B90,sub_480B90,sub_480B90
0x480C48,sub_480C48,sub_480C48
0x480C5E,sub_480C5E,sub_480C5E
0x480CA9,sub_480CA9,sub_480CA9
0x480CFA,sub_480CFA,sub_480CFA
0x480D34,sub_480D34,sub_480D34
0x480D4D,sub_480D4D,sub_480D4D
0x480D7A,sub_480D7A,sub_480D7A
0x480DCD,sub_480DCD,sub_480DCD
0x480E7D,sub_480E7D,sub_480E7D
0x483140,sub_483140,sub_483140
0x4837A3,sub_4837A3,sub_4837A3
0x4838E4,sub_4838E4,sub_4838E4
0x4839F4,sub_4839F4,sub_4839F4
0x483A48,sub_483A48,sub_483A48
0x483A84,sub_483A84,sub_483A84
0x483AEA,sub_483AEA,sub_483AEA
0x483B18,sub_483B18,sub_483B18
0x483B8F,sub_483B8F,sub_483B8F
0x483C4D,sub_483C4D,sub_483C4D
0x483C9D,sub_483C9D,sub_483C9D
0x483CFB,sub_483CFB,sub_483CFB
0x483D58,sub_483D58,sub_483D58
0x4869F3,sub_4869F3,sub_4869F3
0x486C70,sub_486C70,sub_486C70
0x486DF5,sub_486DF5,sub_486DF5
0x486E4A,sub_486E4A,sub_486E4A
0x486E7A,sub_486E7A,sub_486E7A
0x48787D,sub_48787D,sub_48787D
0x487943,sub_487943,sub_487943
0x487982,sub_487982,sub_487982
0x487A78,sub_487A78,sub_487A78
0x487FE5,sub_487FE5,sub_487FE5
0x48BCE5,sub_48BCE5,sub_48BCE5
0x48C162,sub_48C162,sub_48C162
0x48C936,sub_48C936,sub_48C936
0x48D0D2,sub_48D0D2,sub_48D0D2
0x48EF92,sub_48EF92,sub_48EF92
0x48EFD5,sub_48EFD5,sub_48EFD5
0x48F052,sub_48F052,sub_48F052
0x48F06B,sub_48F06B,sub_48F06B
0x48F152,nullsub_4,nullsub_4
0x48F155,sub_48F155,sub_48F155
0x48F158,sub_48F158,sub_48F158
0x48F179,sub_48F179,sub_48F179
0x48F2F0,??1?$call@IV?$function@$$A6AXABI@Z@tr1@std@@@Concurrency@@UAE@XZ,"Concurrency::call<uint,std::tr1::function<void (uint const &)>>::~call<uint,std::tr1::function<void (uint const &)>>(void)"
0x48F341,sub_48F341,sub_48F341
0x48F9DA,sub_48F9DA,sub_48F9DA
0x48FDCB,sub_48FDCB,sub_48FDCB
0x490121,sub_490121,sub_490121
0x490201,sub_490201,sub_490201
0x490470,sub_490470,sub_490470
0x49054C,sub_49054C,sub_49054C
0x49058C,sub_49058C,sub_49058C
0x4905C5,sub_4905C5,sub_4905C5
0x490D7C,sub_490D7C,sub_490D7C
0x490D98,sub_490D98,sub_490D98
0x490F03,sub_490F03,sub_490F03
0x49105B,sub_49105B,sub_49105B
0x491248,sub_491248,sub_491248
0x492727,sub_492727,sub_492727
0x492779,sub_492779,sub_492779
0x49292D,sub_49292D,sub_49292D
0x492B5C,sub_492B5C,sub_492B5C
0x492BB4,sub_492BB4,sub_492BB4
0x495459,sub_495459,sub_495459
0x495537,sub_495537,sub_495537
0x4958D3,sub_4958D3,sub_4958D3
0x495A10,sub_495A10,sub_495A10
0x495CA1,sub_495CA1,sub_495CA1
0x4962FD,sub_4962FD,sub_4962FD
0x496452,sub_496452,sub_496452
0x496A59,sub_496A59,sub_496A59
0x496AAA,sub_496AAA,sub_496AAA
0x496F0C,sub_496F0C,sub_496F0C
0x4970B1,sub_4970B1,sub_4970B1
0x49745D,sub_49745D,sub_49745D
0x497564,sub_497564,sub_497564
0x497598,sub_497598,sub_497598
0x49759B,sub_49759B,sub_49759B
0x497715,sub_497715,sub_497715
0x497736,sub_497736,sub_497736
0x4977C6,sub_4977C6,sub_4977C6
0x4977FF,sub_4977FF,sub_4977FF
0x497A1A,sub_497A1A,sub_497A1A
0x497A5E,sub_497A5E,sub_497A5E
0x497E38,sub_497E38,sub_497E38
0x498151,sub_498151,sub_498151
0x4981BB,sub_4981BB,sub_4981BB
0x4985FA,sub_4985FA,sub_4985FA
0x4986DE,sub_4986DE,sub_4986DE
0x498852,sub_498852,sub_498852
0x4988D9,sub_4988D9,sub_4988D9
0x4988F7,sub_4988F7,sub_4988F7
0x498915,sub_498915,sub_498915
0x498933,sub_498933,sub_498933
0x498970,sub_498970,sub_498970
0x4989F0,sub_4989F0,sub_4989F0
0x499190,sub_499190,sub_499190
0x4995B3,sub_4995B3,sub_4995B3
0x4995DC,sub_4995DC,sub_4995DC
0x499664,sub_499664,sub_499664
0x4996E8,sub_4996E8,sub_4996E8
0x499A7D,sub_499A7D,sub_499A7D
0x499ABF,sub_499ABF,sub_499ABF
0x499ADB,??__F?m_badAllocExceptionPtr@__ExceptionPtr@@0V?$shared_ptr@V__ExceptionPtr@@@tr1@std@@A@@YAXXZ,`dynamic atexit destructor for 'std::tr1::shared_ptr<__ExceptionPtr> __ExceptionPtr::m_badAllocExceptionPtr''(void)
0x499AEB,sub_499AEB,sub_499AEB
0x499C65,sub_499C65,sub_499C65
0x499C83,sub_499C83,sub_499C83
0x499CA1,sub_499CA1,sub_499CA1
0x499CDB,sub_499CDB,sub_499CDB
0x499D58,sub_499D58,sub_499D58
0x499DCD,sub_499DCD,sub_499DCD
0x499F23,sub_499F23,sub_499F23
0x499F5D,nullsub_5,nullsub_5
0x499F60,sub_499F60,sub_499F60
0x49A2CA,??1?$call@IV?$function@$$A6AXABI@Z@tr1@std@@@Concurrency@@UAE@XZ_0,"Concurrency::call<uint,std::tr1::function<void (uint const &)>>::~call<uint,std::tr1::function<void (uint const &)>>(void)"
0x49A31B,sub_49A31B,sub_49A31B
0x49BB8E,sub_49BB8E,sub_49BB8E
0x49BBAA,sub_49BBAA,sub_49BBAA
0x49BC06,sub_49BC06,sub_49BC06
0x49BC93,sub_49BC93,sub_49BC93
0x49BDD7,sub_49BDD7,sub_49BDD7
0x49BFFB,sub_49BFFB,sub_49BFFB
0x49C1CC,sub_49C1CC,sub_49C1CC
0x49D432,sub_49D432,sub_49D432
0x49D5F2,sub_49D5F2,sub_49D5F2
0x49D835,sub_49D835,sub_49D835
0x49D85B,sub_49D85B,sub_49D85B
0x49E1BD,sub_49E1BD,sub_49E1BD
0x49F2C1,sub_49F2C1,sub_49F2C1
0x49FBAF,sub_49FBAF,sub_49FBAF
0x49FC78,sub_49FC78,sub_49FC78
0x49FECE,sub_49FECE,sub_49FECE
0x4A009A,sub_4A009A,sub_4A009A
0x4A0367,sub_4A0367,sub_4A0367
0x4A049C,sub_4A049C,sub_4A049C
0x4A04B3,sub_4A04B3,sub_4A04B3
0x4A05D2,sub_4A05D2,sub_4A05D2
0x4A0614,sub_4A0614,sub_4A0614
0x4A0660,sub_4A0660,sub_4A0660
0x4A066A,sub_4A066A,sub_4A066A
0x4A06A3,sub_4A06A3,sub_4A06A3
0x4A078E,sub_4A078E,sub_4A078E
0x4A07B4,sub_4A07B4,sub_4A07B4
0x4A081A,sub_4A081A,sub_4A081A
0x4A0C38,sub_4A0C38,sub_4A0C38
0x4A20D7,sub_4A20D7,sub_4A20D7
0x4A214F,sub_4A214F,sub_4A214F
0x4A2242,sub_4A2242,sub_4A2242
0x4A229A,sub_4A229A,sub_4A229A
0x4A24E4,sub_4A24E4,sub_4A24E4
0x4A2504,sub_4A2504,sub_4A2504
0x4A257A,sub_4A257A,sub_4A257A
0x4A258D,sub_4A258D,sub_4A258D
0x4A2966,sub_4A2966,sub_4A2966
0x4A3019,sub_4A3019,sub_4A3019
0x4A3046,sub_4A3046,sub_4A3046
0x4A3069,sub_4A3069,sub_4A3069
0x4A308C,sub_4A308C,sub_4A308C
0x4A30D6,sub_4A30D6,sub_4A30D6
0x4A347A,sub_4A347A,sub_4A347A
0x4A34C6,sub_4A34C6,sub_4A34C6
0x4A3505,sub_4A3505,sub_4A3505
0x4A356E,sub_4A356E,sub_4A356E
0x4A36B2,sub_4A36B2,sub_4A36B2
0x4A36F4,sub_4A36F4,sub_4A36F4
0x4A377D,sub_4A377D,sub_4A377D
0x4A38F2,sub_4A38F2,sub_4A38F2
0x4A3926,sub_4A3926,sub_4A3926
0x4A4799,sub_4A4799,sub_4A4799
0x4A4C07,sub_4A4C07,sub_4A4C07
0x4A4C7D,sub_4A4C7D,sub_4A4C7D
0x4A4CA0,unknown_libname_1,unknown_libname_1
0x4A4CAA,sub_4A4CAA,sub_4A4CAA
0x4A4CAF,sub_4A4CAF,sub_4A4CAF
0x4A6370,sub_4A6370,sub_4A6370
0x4A646C,sub_4A646C,sub_4A646C
0x4A651E,sub_4A651E,sub_4A651E
0x4A653B,sub_4A653B,sub_4A653B
0x4A6602,sub_4A6602,sub_4A6602
0x4A6673,sub_4A6673,sub_4A6673
0x4A66F1,sub_4A66F1,sub_4A66F1
0x4A6720,sub_4A6720,sub_4A6720
0x4A6752,sub_4A6752,sub_4A6752
0x4A6776,sub_4A6776,sub_4A6776
0x4A6882,sub_4A6882,sub_4A6882
0x4A6968,sub_4A6968,sub_4A6968
0x4A6A14,sub_4A6A14,sub_4A6A14
0x4A6B00,sub_4A6B00,sub_4A6B00
0x4A6B22,sub_4A6B22,sub_4A6B22
0x4A6B9A,sub_4A6B9A,sub_4A6B9A
0x4A6C13,sub_4A6C13,sub_4A6C13
0x4A6C58,sub_4A6C58,sub_4A6C58
0x4A6C9B,sub_4A6C9B,sub_4A6C9B
0x4A6CDD,sub_4A6CDD,sub_4A6CDD
0x4A6D0C,sub_4A6D0C,sub_4A6D0C
0x4A6D89,sub_4A6D89,sub_4A6D89
0x4A6F0F,sub_4A6F0F,sub_4A6F0F
0x4A6F70,sub_4A6F70,sub_4A6F70
0x4A7896,sub_4A7896,sub_4A7896
0x4A78D2,sub_4A78D2,sub_4A78D2
0x4A7937,sub_4A7937,sub_4A7937
0x4A7ACC,sub_4A7ACC,sub_4A7ACC
0x4A7BAD,sub_4A7BAD,sub_4A7BAD
0x4A7E26,sub_4A7E26,sub_4A7E26
0x4A7EF6,sub_4A7EF6,sub_4A7EF6
0x4A8077,sub_4A8077,sub_4A8077
0x4A80C5,sub_4A80C5,sub_4A80C5
0x4A856B,sub_4A856B,sub_4A856B
0x4A8708,sub_4A8708,sub_4A8708
0x4A870F,sub_4A870F,sub_4A870F
0x4A87CF,sub_4A87CF,sub_4A87CF
0x4A8865,sub_4A8865,sub_4A8865
0x4A8882,sub_4A8882,sub_4A8882
0x4A899F,sub_4A899F,sub_4A899F
0x4A8CA9,sub_4A8CA9,sub_4A8CA9
0x4A8F94,sub_4A8F94,sub_4A8F94
0x4A8FF7,sub_4A8FF7,sub_4A8FF7
0x4A9031,sub_4A9031,sub_4A9031
0x4A9084,sub_4A9084,sub_4A9084
0x4A9088,sub_4A9088,sub_4A9088
0x4A92FA,sub_4A92FA,sub_4A92FA
0x4A9402,sub_4A9402,sub_4A9402
0x4A9413,sub_4A9413,sub_4A9413
0x4A9427,sub_4A9427,sub_4A9427
0x4A943B,sub_4A943B,sub_4A943B
0x4A9493,sub_4A9493,sub_4A9493
0x4A9539,sub_4A9539,sub_4A9539
0x4A958A,sub_4A958A,sub_4A958A
0x4A9627,sub_4A9627,sub_4A9627
0x4A963C,sub_4A963C,sub_4A963C
0x4A965C,sub_4A965C,sub_4A965C
0x4A966C,sub_4A966C,sub_4A966C
0x4A96CD,sub_4A96CD,sub_4A96CD
0x4A9835,sub_4A9835,sub_4A9835
0x4A9BBE,sub_4A9BBE,sub_4A9BBE
0x4A9BD4,sub_4A9BD4,sub_4A9BD4
0x4A9C42,sub_4A9C42,sub_4A9C42
0x4A9CD2,sub_4A9CD2,sub_4A9CD2
0x4A9D04,sub_4A9D04,sub_4A9D04
0x4A9D35,sub_4A9D35,sub_4A9D35
0x4A9EBD,sub_4A9EBD,sub_4A9EBD
0x4A9EFE,sub_4A9EFE,sub_4A9EFE
0x4A9FA3,sub_4A9FA3,sub_4A9FA3
0x4AA0ED,sub_4AA0ED,sub_4AA0ED
0x4AA133,sub_4AA133,sub_4AA133
0x4AA282,sub_4AA282,sub_4AA282
0x4AA2C9,sub_4AA2C9,sub_4AA2C9
0x4AA313,sub_4AA313,sub_4AA313
0x4AA33B,sub_4AA33B,sub_4AA33B
0x4AA502,sub_4AA502,sub_4AA502
0x4AA55A,sub_4AA55A,sub_4AA55A
0x4AA595,sub_4AA595,sub_4AA595
0x4AA916,sub_4AA916,sub_4AA916
0x4AA96A,sub_4AA96A,sub_4AA96A
0x4AA97E,sub_4AA97E,sub_4AA97E
0x4AA990,sub_4AA990,sub_4AA990
0x4AA9A2,sub_4AA9A2,sub_4AA9A2
0x4AACD9,sub_4AACD9,sub_4AACD9
0x4AAD13,sub_4AAD13,sub_4AAD13
0x4AADB5,sub_4AADB5,sub_4AADB5
0x4AAE7E,sub_4AAE7E,sub_4AAE7E
0x4AB682,sub_4AB682,sub_4AB682
0x4AB7B0,sub_4AB7B0,sub_4AB7B0
0x4AB7E3,sub_4AB7E3,sub_4AB7E3
0x4AB9BA,sub_4AB9BA,sub_4AB9BA
0x4ABA04,sub_4ABA04,sub_4ABA04
0x4ABA20,sub_4ABA20,sub_4ABA20
0x4ABA3B,sub_4ABA3B,sub_4ABA3B
0x4ABCA3,sub_4ABCA3,sub_4ABCA3
0x4ABF0C,sub_4ABF0C,sub_4ABF0C
0x4ABF60,sub_4ABF60,sub_4ABF60
0x4ABFB2,sub_4ABFB2,sub_4ABFB2
0x4ABFE6,sub_4ABFE6,sub_4ABFE6
0x4AC025,sub_4AC025,sub_4AC025
0x4AC053,sub_4AC053,sub_4AC053
0x4AC0F7,sub_4AC0F7,sub_4AC0F7
0x4AC114,sub_4AC114,sub_4AC114
0x4AC13F,sub_4AC13F,sub_4AC13F
0x4AC1D2,sub_4AC1D2,sub_4AC1D2
0x4AC4CF,sub_4AC4CF,sub_4AC4CF
0x4AC537,sub_4AC537,sub_4AC537
0x4AC56F,sub_4AC56F,sub_4AC56F
0x4AC590,sub_4AC590,sub_4AC590
0x4AC5B7,sub_4AC5B7,sub_4AC5B7
0x4AC5DA,sub_4AC5DA,sub_4AC5DA
0x4AC5EF,sub_4AC5EF,sub_4AC5EF
0x4AC864,sub_4AC864,sub_4AC864
0x4ACBFC,sub_4ACBFC,sub_4ACBFC
0x4ACC72,sub_4ACC72,sub_4ACC72
0x4AD1F9,sub_4AD1F9,sub_4AD1F9
0x4AD64F,sub_4AD64F,sub_4AD64F
0x4AF330,sub_4AF330,sub_4AF330
0x4AF3A5,sub_4AF3A5,sub_4AF3A5
0x4AF8A2,sub_4AF8A2,sub_4AF8A2
0x4AF983,sub_4AF983,sub_4AF983
0x4AFBD9,sub_4AFBD9,sub_4AFBD9
0x4AFE38,sub_4AFE38,sub_4AFE38
0x4B01A0,sub_4B01A0,sub_4B01A0
0x4B04F1,sub_4B04F1,sub_4B04F1
0x4B056E,sub_4B056E,sub_4B056E
0x4B0796,sub_4B0796,sub_4B0796
0x4B0825,sub_4B0825,sub_4B0825
0x4B083E,sub_4B083E,sub_4B083E
0x4B0857,sub_4B0857,sub_4B0857
0x4B08C2,sub_4B08C2,sub_4B08C2
0x4B0905,sub_4B0905,sub_4B0905
0x4B0D6B,sub_4B0D6B,sub_4B0D6B
0x4B0FAA,sub_4B0FAA,sub_4B0FAA
0x4B0FF8,sub_4B0FF8,sub_4B0FF8
0x4B145D,sub_4B145D,sub_4B145D
0x4B1522,sub_4B1522,sub_4B1522
0x4B15F1,sub_4B15F1,sub_4B15F1
0x4B162E,sub_4B162E,sub_4B162E
0x4B1645,sub_4B1645,sub_4B1645
0x4B178B,sub_4B178B,sub_4B178B
0x4B1958,sub_4B1958,sub_4B1958
0x4B199F,sub_4B199F,sub_4B199F
0x4B19BE,sub_4B19BE,sub_4B19BE
0x4B19F3,sub_4B19F3,sub_4B19F3
0x4B207D,sub_4B207D,sub_4B207D
0x4B209E,sub_4B209E,sub_4B209E
0x4B2131,sub_4B2131,sub_4B2131
0x4B215E,sub_4B215E,sub_4B215E
0x4B2230,sub_4B2230,sub_4B2230
0x4B2294,sub_4B2294,sub_4B2294
0x4B229D,sub_4B229D,sub_4B229D
0x4B22C2,sub_4B22C2,sub_4B22C2
0x4B234B,sub_4B234B,sub_4B234B
0x4B2422,sub_4B2422,sub_4B2422
0x4B2442,sub_4B2442,sub_4B2442
0x4B2468,sub_4B2468,sub_4B2468
0x4B2497,sub_4B2497,sub_4B2497
0x4B4CFF,sub_4B4CFF,sub_4B4CFF
0x4B4F27,sub_4B4F27,sub_4B4F27
0x4B5071,sub_4B5071,sub_4B5071
0x4B50D2,sub_4B50D2,sub_4B50D2
0x4B5133,sub_4B5133,sub_4B5133
0x4B516C,sub_4B516C,sub_4B516C
0x4B5294,sub_4B5294,sub_4B5294
0x4B5522,sub_4B5522,sub_4B5522
0x4B5543,sub_4B5543,sub_4B5543
0x4B55E5,sub_4B55E5,sub_4B55E5
0x4B56CA,sub_4B56CA,sub_4B56CA
0x4B5713,sub_4B5713,sub_4B5713
0x4B5737,sub_4B5737,sub_4B5737
0x4B580F,sub_4B580F,sub_4B580F
0x4B58AD,sub_4B58AD,sub_4B58AD
0x4B63D4,sub_4B63D4,sub_4B63D4
0x4B63F6,sub_4B63F6,sub_4B63F6
0x4B6444,sub_4B6444,sub_4B6444
0x4B64E9,sub_4B64E9,sub_4B64E9
0x4B6543,sub_4B6543,sub_4B6543
0x4B65FA,sub_4B65FA,sub_4B65FA
0x4B6701,sub_4B6701,sub_4B6701
0x4B6762,sub_4B6762,sub_4B6762
0x4B67B6,sub_4B67B6,sub_4B67B6
0x4B67EB,sub_4B67EB,sub_4B67EB
0x4B6811,sub_4B6811,sub_4B6811
0x4B6954,sub_4B6954,sub_4B6954
0x4B697B,sub_4B697B,sub_4B697B
0x4B6A17,sub_4B6A17,sub_4B6A17
0x4B6A5C,sub_4B6A5C,sub_4B6A5C
0x4B6A64,sub_4B6A64,sub_4B6A64
0x4B6ADB,sub_4B6ADB,sub_4B6ADB
0x4B6C6D,sub_4B6C6D,sub_4B6C6D
0x4B6CFA,sub_4B6CFA,sub_4B6CFA
0x4B6D1D,sub_4B6D1D,sub_4B6D1D
0x4B6D51,sub_4B6D51,sub_4B6D51
0x4B7B3C,sub_4B7B3C,sub_4B7B3C
0x4B7B5D,sub_4B7B5D,sub_4B7B5D
0x4B7BE0,sub_4B7BE0,sub_4B7BE0
0x4B7CBE,sub_4B7CBE,sub_4B7CBE
0x4B7CD3,sub_4B7CD3,sub_4B7CD3
0x4B7D45,sub_4B7D45,sub_4B7D45
0x4B7D59,sub_4B7D59,sub_4B7D59
0x4B7D7C,sub_4B7D7C,sub_4B7D7C
0x4B7E69,sub_4B7E69,sub_4B7E69
0x4B7E8E,sub_4B7E8E,sub_4B7E8E
0x4B7ECA,sub_4B7ECA,sub_4B7ECA
0x4B8160,sub_4B8160,sub_4B8160
0x4B8181,sub_4B8181,sub_4B8181
0x4B8205,sub_4B8205,sub_4B8205
0x4B823D,sub_4B823D,sub_4B823D
0x4B8268,sub_4B8268,sub_4B8268
0x4B8291,sub_4B8291,sub_4B8291
0x4B8512,sub_4B8512,sub_4B8512
0x4B8667,sub_4B8667,sub_4B8667
0x4B8988,sub_4B8988,sub_4B8988
0x4B8CC4,sub_4B8CC4,sub_4B8CC4
0x4B8CFC,sub_4B8CFC,sub_4B8CFC
0x4B8D01,sub_4B8D01,sub_4B8D01
0x4B8D56,sub_4B8D56,sub_4B8D56
0x4B8DF7,sub_4B8DF7,sub_4B8DF7
0x4B8E1D,sub_4B8E1D,sub_4B8E1D
0x4B8E83,sub_4B8E83,sub_4B8E83
0x4B8E95,sub_4B8E95,sub_4B8E95
0x4B92CA,sub_4B92CA,sub_4B92CA
0x4B9E81,sub_4B9E81,sub_4B9E81
0x4B9F59,sub_4B9F59,sub_4B9F59
0x4B9F82,sub_4B9F82,sub_4B9F82
0x4BA052,sub_4BA052,sub_4BA052
0x4BC0F9,sub_4BC0F9,sub_4BC0F9
0x4BC61E,sub_4BC61E,sub_4BC61E
0x4BC8FF,sub_4BC8FF,sub_4BC8FF
0x4BC91B,sub_4BC91B,sub_4BC91B
0x4BCBAA,sub_4BCBAA,sub_4BCBAA
0x4BCD33,sub_4BCD33,sub_4BCD33
0x4BCD76,sub_4BCD76,sub_4BCD76
0x4BCDDB,sub_4BCDDB,sub_4BCDDB
0x4BD377,sub_4BD377,sub_4BD377
0x4BD428,sub_4BD428,sub_4BD428
0x4BD49E,sub_4BD49E,sub_4BD49E
0x4BD809,sub_4BD809,sub_4BD809
0x4BDAA5,sub_4BDAA5,sub_4BDAA5
0x4BF40C,sub_4BF40C,sub_4BF40C
0x4C03D7,sub_4C03D7,sub_4C03D7
0x4C0636,sub_4C0636,sub_4C0636
0x4C0A98,sub_4C0A98,sub_4C0A98
0x4C0C88,sub_4C0C88,sub_4C0C88
0x4C0FEA,sub_4C0FEA,sub_4C0FEA
0x4C1125,sub_4C1125,sub_4C1125
0x4C1295,sub_4C1295,sub_4C1295
0x4C12B4,sub_4C12B4,sub_4C12B4
0x4C12F8,sub_4C12F8,sub_4C12F8
0x4C132D,sub_4C132D,sub_4C132D
0x4C1428,sub_4C1428,sub_4C1428
0x4C1449,sub_4C1449,sub_4C1449
0x4C14BF,sub_4C14BF,sub_4C14BF
0x4C1805,sub_4C1805,sub_4C1805
0x4C180A,sub_4C180A,sub_4C180A
0x4C20B7,sub_4C20B7,sub_4C20B7
0x4C229A,sub_4C229A,sub_4C229A
0x4C22D5,sub_4C22D5,sub_4C22D5
0x4C2311,sub_4C2311,sub_4C2311
0x4C23E7,sub_4C23E7,sub_4C23E7
0x4C2416,sub_4C2416,sub_4C2416
0x4C245F,sub_4C245F,sub_4C245F
0x4C2470,sub_4C2470,sub_4C2470
0x4C248C,sub_4C248C,sub_4C248C
0x4C25A2,sub_4C25A2,sub_4C25A2
0x4C25E5,sub_4C25E5,sub_4C25E5
0x4C2690,sub_4C2690,sub_4C2690
0x4C2710,sub_4C2710,sub_4C2710
0x4C2753,sub_4C2753,sub_4C2753
0x4C2796,sub_4C2796,sub_4C2796
0x4C28E4,sub_4C28E4,sub_4C28E4
0x4C2928,sub_4C2928,sub_4C2928
0x4C2A96,sub_4C2A96,sub_4C2A96
0x4C2AF7,sub_4C2AF7,sub_4C2AF7
0x4C2BAE,sub_4C2BAE,sub_4C2BAE
0x4C2C24,sub_4C2C24,sub_4C2C24
0x4C2C7B,sub_4C2C7B,sub_4C2C7B
0x4C2D6E,sub_4C2D6E,sub_4C2D6E
0x4C2D80,sub_4C2D80,sub_4C2D80
0x4C2DC3,sub_4C2DC3,sub_4C2DC3
0x4C2DEF,sub_4C2DEF,sub_4C2DEF
0x4C2E2E,sub_4C2E2E,sub_4C2E2E
0x4C2ED5,sub_4C2ED5,sub_4C2ED5
0x4C2F11,sub_4C2F11,sub_4C2F11
0x4C2F27,sub_4C2F27,sub_4C2F27
0x4C2F3F,sub_4C2F3F,sub_4C2F3F
0x4C2F5F,sub_4C2F5F,sub_4C2F5F
0x4C2FA7,sub_4C2FA7,sub_4C2FA7
0x4C2FE0,sub_4C2FE0,sub_4C2FE0
0x4C301B,sub_4C301B,sub_4C301B
0x4C3060,sub_4C3060,sub_4C3060
0x4C309C,sub_4C309C,sub_4C309C
0x4C310D,sub_4C310D,sub_4C310D
0x4C3159,sub_4C3159,sub_4C3159
0x4C3195,sub_4C3195,sub_4C3195
0x4C31EB,sub_4C31EB,sub_4C31EB
0x4C322D,sub_4C322D,sub_4C322D
0x4C32DC,sub_4C32DC,sub_4C32DC
0x4C3316,sub_4C3316,sub_4C3316
0x4C335B,sub_4C335B,sub_4C335B
0x4C33AD,sub_4C33AD,sub_4C33AD
0x4C3741,sub_4C3741,sub_4C3741
0x4C378F,sub_4C378F,sub_4C378F
0x4C37D8,sub_4C37D8,sub_4C37D8
0x4C3805,sub_4C3805,sub_4C3805
0x4C386C,sub_4C386C,sub_4C386C
0x4C38C6,sub_4C38C6,sub_4C38C6
0x4C3979,sub_4C3979,sub_4C3979
0x4C39B5,sub_4C39B5,sub_4C39B5
0x4C39DE,sub_4C39DE,sub_4C39DE
0x4C39FE,sub_4C39FE,sub_4C39FE
0x4C3A2A,sub_4C3A2A,sub_4C3A2A
0x4C3A43,sub_4C3A43,sub_4C3A43
0x4C3E37,sub_4C3E37,sub_4C3E37
0x4C3FF2,sub_4C3FF2,sub_4C3FF2
0x4C493C,sub_4C493C,sub_4C493C
0x4C6ED0,sub_4C6ED0,sub_4C6ED0
0x4C71A3,sub_4C71A3,sub_4C71A3
0x4C761F,sub_4C761F,sub_4C761F
0x4C7788,sub_4C7788,sub_4C7788
0x4C8249,sub_4C8249,sub_4C8249
0x4CAFEE,sub_4CAFEE,sub_4CAFEE
0x4CB164,sub_4CB164,sub_4CB164
0x4CB228,sub_4CB228,sub_4CB228
0x4CCD4E,sub_4CCD4E,sub_4CCD4E
0x4CDD8E,sub_4CDD8E,sub_4CDD8E
0x4CDFDC,sub_4CDFDC,sub_4CDFDC
0x4CE093,sub_4CE093,sub_4CE093
0x4CE0B5,sub_4CE0B5,sub_4CE0B5
0x4CE114,sub_4CE114,sub_4CE114
0x4CE177,sub_4CE177,sub_4CE177
0x4CE1E8,sub_4CE1E8,sub_4CE1E8
0x4CE244,sub_4CE244,sub_4CE244
0x4CE29A,sub_4CE29A,sub_4CE29A
0x4CE2CB,sub_4CE2CB,sub_4CE2CB
0x4CE2E9,sub_4CE2E9,sub_4CE2E9
0x4CE32A,sub_4CE32A,sub_4CE32A
0x4CE34B,sub_4CE34B,sub_4CE34B
0x4CE3C2,sub_4CE3C2,sub_4CE3C2
0x4CE436,sub_4CE436,sub_4CE436
0x4CE457,sub_4CE457,sub_4CE457
0x4CE4B7,sub_4CE4B7,sub_4CE4B7
0x4CE517,sub_4CE517,sub_4CE517
0x4CE5D0,sub_4CE5D0,sub_4CE5D0
0x4CE9E3,sub_4CE9E3,sub_4CE9E3
0x4CEAFE,sub_4CEAFE,sub_4CEAFE
0x4CF4B3,sub_4CF4B3,sub_4CF4B3
0x4CF4EE,sub_4CF4EE,sub_4CF4EE
0x4CFE97,sub_4CFE97,sub_4CFE97
0x4D004C,sub_4D004C,sub_4D004C
0x4D00FB,sub_4D00FB,sub_4D00FB
0x4D02DC,sub_4D02DC,sub_4D02DC
0x4D0E8D,sub_4D0E8D,sub_4D0E8D
0x4D1ACA,sub_4D1ACA,sub_4D1ACA
0x4D2B51,sub_4D2B51,sub_4D2B51
0x4D2F2E,sub_4D2F2E,sub_4D2F2E
0x4D332E,sub_4D332E,sub_4D332E
0x4D3B57,sub_4D3B57,sub_4D3B57
0x4D3B98,sub_4D3B98,sub_4D3B98
0x4D4757,sub_4D4757,sub_4D4757
0x4D4818,sub_4D4818,sub_4D4818
0x4D4C8E,sub_4D4C8E,sub_4D4C8E
0x4D4CFD,sub_4D4CFD,sub_4D4CFD
0x4D5038,sub_4D5038,sub_4D5038
0x4D50D8,sub_4D50D8,sub_4D50D8
0x4D513C,sub_4D513C,sub_4D513C
0x4D51A3,sub_4D51A3,sub_4D51A3
0x4D5273,sub_4D5273,sub_4D5273
0x4D5290,sub_4D5290,sub_4D5290
0x4D52BC,sub_4D52BC,sub_4D52BC
0x4D535E,sub_4D535E,sub_4D535E
0x4D53F4,sub_4D53F4,sub_4D53F4
0x4D5416,sub_4D5416,sub_4D5416
0x4D5451,sub_4D5451,sub_4D5451
0x4D548C,sub_4D548C,sub_4D548C
0x4D5516,sub_4D5516,sub_4D5516
0x4D558E,sub_4D558E,sub_4D558E
0x4D55BA,sub_4D55BA,sub_4D55BA
0x4D55D2,sub_4D55D2,sub_4D55D2
0x4D55EF,sub_4D55EF,sub_4D55EF
0x4D5630,sub_4D5630,sub_4D5630
0x4D5974,sub_4D5974,sub_4D5974
0x4D5A2E,sub_4D5A2E,sub_4D5A2E
0x4D5B5B,sub_4D5B5B,sub_4D5B5B
0x4D5BE9,sub_4D5BE9,sub_4D5BE9
0x4D5C24,sub_4D5C24,sub_4D5C24
0x4D5F85,sub_4D5F85,sub_4D5F85
0x4D5F9C,sub_4D5F9C,sub_4D5F9C
0x4D5FAD,sub_4D5FAD,sub_4D5FAD
0x4D5FEF,sub_4D5FEF,sub_4D5FEF
0x4D6043,sub_4D6043,sub_4D6043
0x4D605F,sub_4D605F,sub_4D605F
0x4D7707,sub_4D7707,sub_4D7707
0x4D775F,sub_4D775F,sub_4D775F
0x4D776E,sub_4D776E,sub_4D776E
0x4D7799,sub_4D7799,sub_4D7799
0x4D77B5,sub_4D77B5,sub_4D77B5
0x4D7C05,sub_4D7C05,sub_4D7C05
0x4D7CEB,sub_4D7CEB,sub_4D7CEB
0x4D7D17,sub_4D7D17,sub_4D7D17
0x4D7F50,sub_4D7F50,sub_4D7F50
0x4D7F60,sub_4D7F60,sub_4D7F60
0x4D7FBD,sub_4D7FBD,sub_4D7FBD
0x4D807B,sub_4D807B,sub_4D807B
0x4D813D,sub_4D813D,sub_4D813D
0x4D835D,sub_4D835D,sub_4D835D
0x4D839F,sub_4D839F,sub_4D839F
0x4D858C,sub_4D858C,sub_4D858C
0x4D8EA5,sub_4D8EA5,sub_4D8EA5
0x4D8EE6,sub_4D8EE6,sub_4D8EE6
0x4D8F6D,sub_4D8F6D,sub_4D8F6D
0x4D926B,sub_4D926B,sub_4D926B
0x4D92DE,sub_4D92DE,sub_4D92DE
0x4D93DE,sub_4D93DE,sub_4D93DE
0x4D94BB,sub_4D94BB,sub_4D94BB
0x4DACE1,sub_4DACE1,sub_4DACE1
0x4DB1BF,sub_4DB1BF,sub_4DB1BF
0x4DB25C,sub_4DB25C,sub_4DB25C
0x4DB35B,sub_4DB35B,sub_4DB35B
0x4DB608,sub_4DB608,sub_4DB608
0x4DB817,sub_4DB817,sub_4DB817
0x4DB8BE,sub_4DB8BE,sub_4DB8BE
0x4DB9FA,sub_4DB9FA,sub_4DB9FA
0x4DBBC2,sub_4DBBC2,sub_4DBBC2
0x4DBBDB,sub_4DBBDB,sub_4DBBDB
0x4DBBFF,sub_4DBBFF,sub_4DBBFF
0x4DBC49,sub_4DBC49,sub_4DBC49
0x4DBC86,sub_4DBC86,sub_4DBC86
0x4DBCB9,sub_4DBCB9,sub_4DBCB9
0x4DC477,sub_4DC477,sub_4DC477
0x4DC669,sub_4DC669,sub_4DC669
0x4DC6E3,sub_4DC6E3,sub_4DC6E3
0x4DC7CC,sub_4DC7CC,sub_4DC7CC
0x4DC7F0,sub_4DC7F0,sub_4DC7F0
0x4DC83C,sub_4DC83C,sub_4DC83C
0x4DC8A3,sub_4DC8A3,sub_4DC8A3
0x4DC92A,sub_4DC92A,sub_4DC92A
0x4DC994,sub_4DC994,sub_4DC994
0x4DCA1B,sub_4DCA1B,sub_4DCA1B
0x4DD0C4,sub_4DD0C4,sub_4DD0C4
0x4DD1E4,sub_4DD1E4,sub_4DD1E4
0x4DD233,sub_4DD233,sub_4DD233
0x4DD70E,sub_4DD70E,sub_4DD70E
0x4DD78A,sub_4DD78A,sub_4DD78A
0x4DD7D7,sub_4DD7D7,sub_4DD7D7
0x4DD80E,sub_4DD80E,sub_4DD80E
0x4DD85E,sub_4DD85E,sub_4DD85E
0x4DD903,sub_4DD903,sub_4DD903
0x4DD941,sub_4DD941,sub_4DD941
0x4DD982,sub_4DD982,sub_4DD982
0x4DD9B2,sub_4DD9B2,sub_4DD9B2
0x4DDA0C,sub_4DDA0C,sub_4DDA0C
0x4DDA4A,sub_4DDA4A,sub_4DDA4A
0x4DDAFB,sub_4DDAFB,sub_4DDAFB
0x4DDB55,sub_4DDB55,sub_4DDB55
0x4DDDE2,sub_4DDDE2,sub_4DDDE2
0x4DDFB0,sub_4DDFB0,sub_4DDFB0
0x4DDFE0,sub_4DDFE0,sub_4DDFE0
0x4DE032,sub_4DE032,sub_4DE032
0x4DE103,sub_4DE103,sub_4DE103
0x4DE129,sub_4DE129,sub_4DE129
0x4DE14D,sub_4DE14D,sub_4DE14D
0x4DE1AF,sub_4DE1AF,sub_4DE1AF
0x4DE1D7,sub_4DE1D7,sub_4DE1D7
0x4DE1F4,sub_4DE1F4,sub_4DE1F4
0x4DE201,sub_4DE201,sub_4DE201
0x4DE217,sub_4DE217,sub_4DE217
0x4DE22B,sub_4DE22B,sub_4DE22B
0x4DE247,sub_4DE247,sub_4DE247
0x4DE26C,sub_4DE26C,sub_4DE26C
0x4DE2A0,sub_4DE2A0,sub_4DE2A0
0x4DE2AC,sub_4DE2AC,sub_4DE2AC
0x4DE2B4,sub_4DE2B4,sub_4DE2B4
0x4DE2BC,sub_4DE2BC,sub_4DE2BC
0x4DE310,sub_4DE310,sub_4DE310
0x4DE34F,sub_4DE34F,sub_4DE34F
0x4DE381,sub_4DE381,sub_4DE381
0x4DE3EB,sub_4DE3EB,sub_4DE3EB
0x4DE43C,sub_4DE43C,sub_4DE43C
0x4DE463,sub_4DE463,sub_4DE463
0x4DE47D,sub_4DE47D,sub_4DE47D
0x4DE7A2,sub_4DE7A2,sub_4DE7A2
0x4DE8E3,sub_4DE8E3,sub_4DE8E3
0x4DE909,sub_4DE909,sub_4DE909
0x4DE937,sub_4DE937,sub_4DE937
0x4DEA66,sub_4DEA66,sub_4DEA66
0x4DEAC4,sub_4DEAC4,sub_4DEAC4
0x4DEBBC,sub_4DEBBC,sub_4DEBBC
0x4DF2E2,sub_4DF2E2,sub_4DF2E2
0x4DF300,sub_4DF300,sub_4DF300
0x4DF30C,sub_4DF30C,sub_4DF30C
0x4DF333,nullsub_2,nullsub_2
0x4DF334,sub_4DF334,sub_4DF334
0x4DF3E2,sub_4DF3E2,sub_4DF3E2
0x4DF402,sub_4DF402,sub_4DF402
0x4DF43B,sub_4DF43B,sub_4DF43B
0x4DF4BB,sub_4DF4BB,sub_4DF4BB
0x4DF52E,sub_4DF52E,sub_4DF52E
0x4DF930,sub_4DF930,sub_4DF930
0x4DFEAB,sub_4DFEAB,sub_4DFEAB
0x4E0273,sub_4E0273,sub_4E0273
0x4E0AA8,sub_4E0AA8,sub_4E0AA8
0x4E0AD9,sub_4E0AD9,sub_4E0AD9
0x4E0B73,sub_4E0B73,sub_4E0B73
0x4E0B8D,sub_4E0B8D,sub_4E0B8D
0x4E0BC9,sub_4E0BC9,sub_4E0BC9
0x4E0BE5,sub_4E0BE5,sub_4E0BE5
0x4E0C05,sub_4E0C05,sub_4E0C05
0x4E0C0D,sub_4E0C0D,sub_4E0C0D
0x4E0C37,sub_4E0C37,sub_4E0C37
0x4E0D0D,_WinMain@16,"WinMain(x,x,x,x)"
0x4E1400,sub_4E1400,sub_4E1400
0x4E189F,sub_4E189F,sub_4E189F
0x4E1C77,sub_4E1C77,sub_4E1C77
0x4E1CCB,sub_4E1CCB,sub_4E1CCB
0x4E1DB3,sub_4E1DB3,sub_4E1DB3
0x4E1DE1,sub_4E1DE1,sub_4E1DE1
0x4E1E1E,sub_4E1E1E,sub_4E1E1E
0x4E1F39,sub_4E1F39,sub_4E1F39
0x4E1F7E,sub_4E1F7E,sub_4E1F7E
0x4E1FB4,sub_4E1FB4,sub_4E1FB4
0x4E2228,sub_4E2228,sub_4E2228
0x4E225D,sub_4E225D,sub_4E225D
0x4E22CC,sub_4E22CC,sub_4E22CC
0x4E22E9,sub_4E22E9,sub_4E22E9
0x4E230D,sub_4E230D,sub_4E230D
0x4E2651,sub_4E2651,sub_4E2651
0x4E26AC,sub_4E26AC,sub_4E26AC
0x4E26ED,sub_4E26ED,sub_4E26ED
0x4E2782,sub_4E2782,sub_4E2782
0x4E283E,sub_4E283E,sub_4E283E
0x4E28BD,sub_4E28BD,sub_4E28BD
0x4E2909,sub_4E2909,sub_4E2909
0x4E2B2C,sub_4E2B2C,sub_4E2B2C
0x4E2B65,sub_4E2B65,sub_4E2B65
0x4E2B9E,sub_4E2B9E,sub_4E2B9E
0x4E2BE7,sub_4E2BE7,sub_4E2BE7
0x4E2C6F,sub_4E2C6F,sub_4E2C6F
0x4E2CA0,sub_4E2CA0,sub_4E2CA0
0x4E2CC0,sub_4E2CC0,sub_4E2CC0
0x4E2CE0,sub_4E2CE0,sub_4E2CE0
0x4E2D40,sub_4E2D40,sub_4E2D40
0x4E2EE0,sub_4E2EE0,sub_4E2EE0
0x4E30A0,sub_4E30A0,sub_4E30A0
0x4E3170,sub_4E3170,sub_4E3170
0x4E31B0,sub_4E31B0,sub_4E31B0
0x4E31D0,sub_4E31D0,sub_4E31D0
0x4E3220,sub_4E3220,sub_4E3220
0x4E3270,sub_4E3270,sub_4E3270
0x4E3310,sub_4E3310,sub_4E3310
0x4E3360,sub_4E3360,sub_4E3360
0x4E3460,sub_4E3460,sub_4E3460
0x4E3820,sub_4E3820,sub_4E3820
0x4E38A0,sub_4E38A0,sub_4E38A0
0x4E38F0,sub_4E38F0,sub_4E38F0
0x4E3920,sub_4E3920,sub_4E3920
0x4E39E0,sub_4E39E0,sub_4E39E0
0x4E3B00,sub_4E3B00,sub_4E3B00
0x4E3B20,sub_4E3B20,sub_4E3B20
0x4E3B40,sub_4E3B40,sub_4E3B40
0x4E3B60,sub_4E3B60,sub_4E3B60
0x4E3B80,sub_4E3B80,sub_4E3B80
0x4E3BB0,sub_4E3BB0,sub_4E3BB0
0x4E3BD0,sub_4E3BD0,sub_4E3BD0
0x4E3BF0,sub_4E3BF0,sub_4E3BF0
0x4E3C10,sub_4E3C10,sub_4E3C10
0x4E3C30,sub_4E3C30,sub_4E3C30
0x4E3C50,sub_4E3C50,sub_4E3C50
0x4E3C90,sub_4E3C90,sub_4E3C90
0x4E3CC0,sub_4E3CC0,sub_4E3CC0
0x4E3CF0,sub_4E3CF0,sub_4E3CF0
0x4E3D70,sub_4E3D70,sub_4E3D70
0x4E3DB0,sub_4E3DB0,sub_4E3DB0
0x4E3E10,sub_4E3E10,sub_4E3E10
0x4E3FD0,sub_4E3FD0,sub_4E3FD0
0x4E4030,sub_4E4030,sub_4E4030
0x4E4420,sub_4E4420,sub_4E4420
0x4E4970,sub_4E4970,sub_4E4970
0x4E4A60,sub_4E4A60,sub_4E4A60
0x4E4AA0,sub_4E4AA0,sub_4E4AA0
0x4E4BD0,sub_4E4BD0,sub_4E4BD0
0x4E4C50,sub_4E4C50,sub_4E4C50
0x4E5570,sub_4E5570,sub_4E5570
0x4E5D70,sub_4E5D70,sub_4E5D70
0x4E5DB0,sub_4E5DB0,sub_4E5DB0
0x4E60D0,sub_4E60D0,sub_4E60D0
0x4E6E70,sub_4E6E70,sub_4E6E70
0x4E7070,sub_4E7070,sub_4E7070
0x4E7120,sub_4E7120,sub_4E7120
0x4E7150,sub_4E7150,sub_4E7150
0x4E71B0,sub_4E71B0,sub_4E71B0
0x4E7230,sub_4E7230,sub_4E7230
0x4E72A0,sub_4E72A0,sub_4E72A0
0x4E7460,sub_4E7460,sub_4E7460
0x4E76A0,sub_4E76A0,sub_4E76A0
0x4E77B0,sub_4E77B0,sub_4E77B0
0x4E7C60,sub_4E7C60,sub_4E7C60
0x4E8040,sub_4E8040,sub_4E8040
0x4E8080,sub_4E8080,sub_4E8080
0x4E80E0,sub_4E80E0,sub_4E80E0
0x4E8130,sub_4E8130,sub_4E8130
0x4E8190,sub_4E8190,sub_4E8190
0x4E8460,sub_4E8460,sub_4E8460
0x4E85F0,sub_4E85F0,sub_4E85F0
0x4E8780,sub_4E8780,sub_4E8780
0x4E8990,sub_4E8990,sub_4E8990
0x4E8CA0,sub_4E8CA0,sub_4E8CA0
0x4E8DF0,sub_4E8DF0,sub_4E8DF0
0x4E8EF0,sub_4E8EF0,sub_4E8EF0
0x4E8FB0,sub_4E8FB0,sub_4E8FB0
0x4E8FF0,sub_4E8FF0,sub_4E8FF0
0x4E9250,sub_4E9250,sub_4E9250
0x4E9340,sub_4E9340,sub_4E9340
0x4E9410,sub_4E9410,sub_4E9410
0x4E95A0,sub_4E95A0,sub_4E95A0
0x4E95D0,sub_4E95D0,sub_4E95D0
0x4E9600,sub_4E9600,sub_4E9600
0x4E9770,sub_4E9770,sub_4E9770
0x4E9970,sub_4E9970,sub_4E9970
0x4E9A10,sub_4E9A10,sub_4E9A10
0x4E9A80,sub_4E9A80,sub_4E9A80
0x4E9AC0,sub_4E9AC0,sub_4E9AC0
0x4E9B00,sub_4E9B00,sub_4E9B00
0x4E9B50,sub_4E9B50,sub_4E9B50
0x4E9C20,sub_4E9C20,sub_4E9C20
0x4E9C80,sub_4E9C80,sub_4E9C80
0x4E9CD0,sub_4E9CD0,sub_4E9CD0
0x4E9D10,sub_4E9D10,sub_4E9D10
0x4E9DB0,sub_4E9DB0,sub_4E9DB0
0x4E9E20,sub_4E9E20,sub_4E9E20
0x4E9F00,sub_4E9F00,sub_4E9F00
0x4E9F80,sub_4E9F80,sub_4E9F80
0x4E9FC0,sub_4E9FC0,sub_4E9FC0
0x4E9FD0,sub_4E9FD0,sub_4E9FD0
0x4EA0C0,sub_4EA0C0,sub_4EA0C0
0x4EA180,sub_4EA180,sub_4EA180
0x4EA1D0,sub_4EA1D0,sub_4EA1D0
0x4EA220,sub_4EA220,sub_4EA220
0x4EA270,sub_4EA270,sub_4EA270
0x4EA2B0,sub_4EA2B0,sub_4EA2B0
0x4EA300,sub_4EA300,sub_4EA300
0x4EA350,sub_4EA350,sub_4EA350
0x4EA510,sub_4EA510,sub_4EA510
0x4EA680,sub_4EA680,sub_4EA680
0x4EA720,sub_4EA720,sub_4EA720
0x4EA840,sub_4EA840,sub_4EA840
0x4EA8D0,sub_4EA8D0,sub_4EA8D0
0x4EA9D0,sub_4EA9D0,sub_4EA9D0
0x4EA9F0,sub_4EA9F0,sub_4EA9F0
0x4EAA90,sub_4EAA90,sub_4EAA90
0x4EAAE0,sub_4EAAE0,sub_4EAAE0
0x4EAB30,sub_4EAB30,sub_4EAB30
0x4EAB50,sub_4EAB50,sub_4EAB50
0x4EAB70,sub_4EAB70,sub_4EAB70
0x4EAC30,sub_4EAC30,sub_4EAC30
0x4EAC60,sub_4EAC60,sub_4EAC60
0x4EACB0,sub_4EACB0,sub_4EACB0
0x4EACE0,sub_4EACE0,sub_4EACE0
0x4EAD00,sub_4EAD00,sub_4EAD00
0x4EADA0,sub_4EADA0,sub_4EADA0
0x4EAEA0,sub_4EAEA0,sub_4EAEA0
0x4EAEF0,sub_4EAEF0,sub_4EAEF0
0x4EB180,sub_4EB180,sub_4EB180
0x4EB350,sub_4EB350,sub_4EB350
0x4EB370,sub_4EB370,sub_4EB370
0x4EB400,sub_4EB400,sub_4EB400
0x4EB420,sub_4EB420,sub_4EB420
0x4EB440,sub_4EB440,sub_4EB440
0x4EB470,sub_4EB470,sub_4EB470
0x4EB4B0,sub_4EB4B0,sub_4EB4B0
0x4EB4F0,sub_4EB4F0,sub_4EB4F0
0x4EB6F0,sub_4EB6F0,sub_4EB6F0
0x4EBAC0,sub_4EBAC0,sub_4EBAC0
0x4EBB30,sub_4EBB30,sub_4EBB30
0x4EC2C0,sub_4EC2C0,sub_4EC2C0
0x4EC2E0,sub_4EC2E0,sub_4EC2E0
0x4EC380,sub_4EC380,sub_4EC380
0x4EC3E0,sub_4EC3E0,sub_4EC3E0
0x4EC490,sub_4EC490,sub_4EC490
0x4EC540,sub_4EC540,sub_4EC540
0x4EC640,sub_4EC640,sub_4EC640
0x4EC6D0,sub_4EC6D0,sub_4EC6D0
0x4EC790,sub_4EC790,sub_4EC790
0x4EC7B0,sub_4EC7B0,sub_4EC7B0
0x4ECB10,sub_4ECB10,sub_4ECB10
0x4ECBA0,sub_4ECBA0,sub_4ECBA0
0x4ECC40,sub_4ECC40,sub_4ECC40
0x4ECCE0,sub_4ECCE0,sub_4ECCE0
0x4ECE10,sub_4ECE10,sub_4ECE10
0x4ECF50,sub_4ECF50,sub_4ECF50
0x4ECFC0,sub_4ECFC0,sub_4ECFC0
0x4EDD90,sub_4EDD90,sub_4EDD90
0x4EDE40,sub_4EDE40,sub_4EDE40
0x4EDF10,sub_4EDF10,sub_4EDF10
0x4EDFB0,sub_4EDFB0,sub_4EDFB0
0x4EE1D0,sub_4EE1D0,sub_4EE1D0
0x4EE2A0,sub_4EE2A0,sub_4EE2A0
0x4EE370,sub_4EE370,sub_4EE370
0x4EE9D0,sub_4EE9D0,sub_4EE9D0
0x4EEA20,sub_4EEA20,sub_4EEA20
0x4EEAC0,sub_4EEAC0,sub_4EEAC0
0x4EEB10,sub_4EEB10,sub_4EEB10
0x4EEBD0,sub_4EEBD0,sub_4EEBD0
0x4EEC20,sub_4EEC20,sub_4EEC20
0x4EECD0,sub_4EECD0,sub_4EECD0
0x4EED80,sub_4EED80,sub_4EED80
0x4EF180,sub_4EF180,sub_4EF180
0x4EF3D0,sub_4EF3D0,sub_4EF3D0
0x4EF420,sub_4EF420,sub_4EF420
0x4EF460,sub_4EF460,sub_4EF460
0x4EF570,sub_4EF570,sub_4EF570
0x4EF650,sub_4EF650,sub_4EF650
0x4EF8B0,sub_4EF8B0,sub_4EF8B0
0x4EF9A0,sub_4EF9A0,sub_4EF9A0
0x4EFA50,sub_4EFA50,sub_4EFA50
0x4EFAD0,sub_4EFAD0,sub_4EFAD0
0x4EFB30,sub_4EFB30,sub_4EFB30
0x4EFDF0,sub_4EFDF0,sub_4EFDF0
0x4EFED0,sub_4EFED0,sub_4EFED0
0x4EFF80,sub_4EFF80,sub_4EFF80
0x4F0050,sub_4F0050,sub_4F0050
0x4F00E0,sub_4F00E0,sub_4F00E0
0x4F0440,sub_4F0440,sub_4F0440
0x4F04E0,sub_4F04E0,sub_4F04E0
0x4F0630,sub_4F0630,sub_4F0630
0x4F0740,sub_4F0740,sub_4F0740
0x4F0760,sub_4F0760,sub_4F0760
0x4F0810,sub_4F0810,sub_4F0810
0x4F0890,sub_4F0890,sub_4F0890
0x4F0940,sub_4F0940,sub_4F0940
0x4F0B50,sub_4F0B50,sub_4F0B50
0x4F0C10,sub_4F0C10,sub_4F0C10
0x4F0CC0,sub_4F0CC0,sub_4F0CC0
0x4F0D70,sub_4F0D70,sub_4F0D70
0x4F0E30,sub_4F0E30,sub_4F0E30
0x4F0EE0,sub_4F0EE0,sub_4F0EE0
0x4F1000,sub_4F1000,sub_4F1000
0x4F1200,sub_4F1200,sub_4F1200
0x4F1350,sub_4F1350,sub_4F1350
0x4F13B0,sub_4F13B0,sub_4F13B0
0x4F1410,sub_4F1410,sub_4F1410
0x4F14A0,sub_4F14A0,sub_4F14A0
0x4F15A0,sub_4F15A0,sub_4F15A0
0x4F15D0,sub_4F15D0,sub_4F15D0
0x4F1640,sub_4F1640,sub_4F1640
0x4F1850,sub_4F1850,sub_4F1850
0x4F18E0,sub_4F18E0,sub_4F18E0
0x4F1900,sub_4F1900,sub_4F1900
0x4F1920,sub_4F1920,sub_4F1920
0x4F1DE0,sub_4F1DE0,sub_4F1DE0
0x4F1E10,sub_4F1E10,sub_4F1E10
0x4F1E90,sub_4F1E90,sub_4F1E90
0x4F1EE0,sub_4F1EE0,sub_4F1EE0
0x4F1F30,sub_4F1F30,sub_4F1F30
0x4F2020,sub_4F2020,sub_4F2020
0x4F2080,sub_4F2080,sub_4F2080
0x4F2100,??0_ReaderWriterLock@details@Concurrency@@QAE@XZ,Concurrency::details::_ReaderWriterLock::_ReaderWriterLock(void)
0x4F2110,sub_4F2110,sub_4F2110
0x4F2130,sub_4F2130,sub_4F2130
0x4F2160,sub_4F2160,sub_4F2160
0x4F2180,sub_4F2180,sub_4F2180
0x4F23A0,sub_4F23A0,sub_4F23A0
0x4F23F0,sub_4F23F0,sub_4F23F0
0x4F2440,sub_4F2440,sub_4F2440
0x4F2460,sub_4F2460,sub_4F2460
0x4F2480,sub_4F2480,sub_4F2480
0x4F2570,sub_4F2570,sub_4F2570
0x4F2660,sub_4F2660,sub_4F2660
0x4F2730,sub_4F2730,sub_4F2730
0x4F2810,sub_4F2810,sub_4F2810
0x4F2A40,sub_4F2A40,sub_4F2A40
0x4F2CD0,sub_4F2CD0,sub_4F2CD0
0x4F2D30,sub_4F2D30,sub_4F2D30
0x4F2D90,sub_4F2D90,sub_4F2D90
0x4F2E00,sub_4F2E00,sub_4F2E00
0x4F2F50,sub_4F2F50,sub_4F2F50
0x4F3040,sub_4F3040,sub_4F3040
0x4F3100,sub_4F3100,sub_4F3100
0x4F3330,sub_4F3330,sub_4F3330
0x4F34C0,sub_4F34C0,sub_4F34C0
0x4F34F0,sub_4F34F0,sub_4F34F0
0x4F35B0,sub_4F35B0,sub_4F35B0
0x4F36A0,sub_4F36A0,sub_4F36A0
0x4F3760,sub_4F3760,sub_4F3760
0x4F3790,sub_4F3790,sub_4F3790
0x4F3850,sub_4F3850,sub_4F3850
0x4F38B0,sub_4F38B0,sub_4F38B0
0x4F3910,sub_4F3910,sub_4F3910
0x4F3940,sub_4F3940,sub_4F3940
0x4F42D0,sub_4F42D0,sub_4F42D0
0x4F42F0,sub_4F42F0,sub_4F42F0
0x4F4300,sub_4F4300,sub_4F4300
0x4F44A0,sub_4F44A0,sub_4F44A0
0x4F4510,sub_4F4510,sub_4F4510
0x4F4590,sub_4F4590,sub_4F4590
0x4F45C0,sub_4F45C0,sub_4F45C0
0x4F4600,sub_4F4600,sub_4F4600
0x4F4650,sub_4F4650,sub_4F4650
0x4F46F0,sub_4F46F0,sub_4F46F0
0x4F5BB0,sub_4F5BB0,sub_4F5BB0
0x4F5C20,sub_4F5C20,sub_4F5C20
0x4F5C90,sub_4F5C90,sub_4F5C90
0x4F5D00,sub_4F5D00,sub_4F5D00
0x4F5D60,sub_4F5D60,sub_4F5D60
0x4F5D90,sub_4F5D90,sub_4F5D90
0x4F5DC0,sub_4F5DC0,sub_4F5DC0
0x4F5E70,sub_4F5E70,sub_4F5E70
0x4F5EB0,sub_4F5EB0,sub_4F5EB0
0x4F5EE0,sub_4F5EE0,sub_4F5EE0
0x4F5EF0,sub_4F5EF0,sub_4F5EF0
0x4F5F80,sub_4F5F80,sub_4F5F80
0x4F5FE0,sub_4F5FE0,sub_4F5FE0
0x4F6020,sub_4F6020,sub_4F6020
0x4F6030,sub_4F6030,sub_4F6030
0x4F6060,sub_4F6060,sub_4F6060
0x4F60F0,sub_4F60F0,sub_4F60F0
0x4F6120,sub_4F6120,sub_4F6120
0x4F6140,sub_4F6140,sub_4F6140
0x4F6160,sub_4F6160,sub_4F6160
0x4F6180,sub_4F6180,sub_4F6180
0x4F61A0,sub_4F61A0,sub_4F61A0
0x4F62B0,sub_4F62B0,sub_4F62B0
0x4F6370,sub_4F6370,sub_4F6370
0x4F6470,sub_4F6470,sub_4F6470
0x4F6720,sub_4F6720,sub_4F6720
0x4F67B0,sub_4F67B0,sub_4F67B0
0x4F6960,sub_4F6960,sub_4F6960
0x4F69A0,sub_4F69A0,sub_4F69A0
0x4F69E0,sub_4F69E0,sub_4F69E0
0x4F6A20,sub_4F6A20,sub_4F6A20
0x4F6A60,sub_4F6A60,sub_4F6A60
0x4F6AA0,sub_4F6AA0,sub_4F6AA0
0x4F6C10,sub_4F6C10,sub_4F6C10
0x4F6C80,sub_4F6C80,sub_4F6C80
0x4F6D60,sub_4F6D60,sub_4F6D60
0x4F6DA0,sub_4F6DA0,sub_4F6DA0
0x4F6DE0,sub_4F6DE0,sub_4F6DE0
0x4F6E20,sub_4F6E20,sub_4F6E20
0x4F6E60,sub_4F6E60,sub_4F6E60
0x4F6FA0,sub_4F6FA0,sub_4F6FA0
0x4F6FE0,sub_4F6FE0,sub_4F6FE0
0x4F71B0,sub_4F71B0,sub_4F71B0
0x4F7200,sub_4F7200,sub_4F7200
0x4F7310,sub_4F7310,sub_4F7310
0x4F7350,sub_4F7350,sub_4F7350
0x4F73A0,sub_4F73A0,sub_4F73A0
0x4F7400,sub_4F7400,sub_4F7400
0x4F7440,sub_4F7440,sub_4F7440
0x4F7950,sub_4F7950,sub_4F7950
0x4F8090,sub_4F8090,sub_4F8090
0x4F8100,sub_4F8100,sub_4F8100
0x4F8440,sub_4F8440,sub_4F8440
0x4F8460,sub_4F8460,sub_4F8460
0x4F8480,sub_4F8480,sub_4F8480
0x4F84D0,sub_4F84D0,sub_4F84D0
0x4F8520,sub_4F8520,sub_4F8520
0x4F8560,sub_4F8560,sub_4F8560
0x4F85E0,sub_4F85E0,sub_4F85E0
0x4F8610,sub_4F8610,sub_4F8610
0x4F8640,sub_4F8640,sub_4F8640
0x4F8670,sub_4F8670,sub_4F8670
0x4F8810,sub_4F8810,sub_4F8810
0x4F8930,sub_4F8930,sub_4F8930
0x4F8980,sub_4F8980,sub_4F8980
0x4F8A00,sub_4F8A00,sub_4F8A00
0x4F8AC0,sub_4F8AC0,sub_4F8AC0
0x4F8C00,sub_4F8C00,sub_4F8C00
0x4F8D80,sub_4F8D80,sub_4F8D80
0x4F8DE0,sub_4F8DE0,sub_4F8DE0
0x4F8EC0,sub_4F8EC0,sub_4F8EC0
0x4F9090,sub_4F9090,sub_4F9090
0x4F9B20,sub_4F9B20,sub_4F9B20
0x4F9B80,sub_4F9B80,sub_4F9B80
0x4F9BB0,sub_4F9BB0,sub_4F9BB0
0x4F9CE0,sub_4F9CE0,sub_4F9CE0
0x4F9F90,sub_4F9F90,sub_4F9F90
0x4FAF40,sub_4FAF40,sub_4FAF40
0x4FB330,sub_4FB330,sub_4FB330
0x4FB360,sub_4FB360,sub_4FB360
0x4FB640,sub_4FB640,sub_4FB640
0x4FB6B0,sub_4FB6B0,sub_4FB6B0
0x4FB9F0,sub_4FB9F0,sub_4FB9F0
0x4FBA70,sub_4FBA70,sub_4FBA70
0x4FBB20,sub_4FBB20,sub_4FBB20
0x4FBBC0,sub_4FBBC0,sub_4FBBC0
0x4FBDC0,sub_4FBDC0,sub_4FBDC0
0x4FC080,sub_4FC080,sub_4FC080
0x4FC120,sub_4FC120,sub_4FC120
0x4FC1A0,sub_4FC1A0,sub_4FC1A0
0x4FC200,sub_4FC200,sub_4FC200
0x4FC500,sub_4FC500,sub_4FC500
0x4FC580,sub_4FC580,sub_4FC580
0x4FCC20,sub_4FCC20,sub_4FCC20
0x4FCCD0,sub_4FCCD0,sub_4FCCD0
0x4FCD90,sub_4FCD90,sub_4FCD90
0x4FCDB0,sub_4FCDB0,sub_4FCDB0
0x4FCE50,sub_4FCE50,sub_4FCE50
0x4FD2A0,sub_4FD2A0,sub_4FD2A0
0x4FD8F0,sub_4FD8F0,sub_4FD8F0
0x4FDEB0,sub_4FDEB0,sub_4FDEB0
0x4FE680,sub_4FE680,sub_4FE680
0x4FE750,sub_4FE750,sub_4FE750
0x4FE830,sub_4FE830,sub_4FE830
0x4FE880,sub_4FE880,sub_4FE880
0x4FE930,sub_4FE930,sub_4FE930
0x4FEA30,sub_4FEA30,sub_4FEA30
0x4FEAF0,sub_4FEAF0,sub_4FEAF0
0x4FEBA0,sub_4FEBA0,sub_4FEBA0
0x4FECE0,sub_4FECE0,sub_4FECE0
0x4FEED0,sub_4FEED0,sub_4FEED0
0x4FEF00,sub_4FEF00,sub_4FEF00
0x4FEF20,sub_4FEF20,sub_4FEF20
0x4FEFB0,sub_4FEFB0,sub_4FEFB0
0x4FEFD0,sub_4FEFD0,sub_4FEFD0
0x4FF090,sub_4FF090,sub_4FF090
0x4FF0C0,sub_4FF0C0,sub_4FF0C0
0x4FF180,sub_4FF180,sub_4FF180
0x4FF350,sub_4FF350,sub_4FF350
0x4FF490,sub_4FF490,sub_4FF490
0x4FF500,sub_4FF500,sub_4FF500
0x4FF530,sub_4FF530,sub_4FF530
0x4FF580,sub_4FF580,sub_4FF580
0x4FF590,sub_4FF590,sub_4FF590
0x4FF5C0,sub_4FF5C0,sub_4FF5C0
0x4FF5D0,sub_4FF5D0,sub_4FF5D0
0x4FF740,sub_4FF740,sub_4FF740
0x4FF7C0,sub_4FF7C0,sub_4FF7C0
0x4FF7D0,sub_4FF7D0,sub_4FF7D0
0x4FF7E0,sub_4FF7E0,sub_4FF7E0
0x4FF820,sub_4FF820,sub_4FF820
0x4FF870,nullsub_6,nullsub_6
0x4FF880,sub_4FF880,sub_4FF880
0x4FF890,nullsub_7,nullsub_7
0x4FF8A0,nullsub_8,nullsub_8
0x4FF8B0,nullsub_9,nullsub_9
0x4FF8C0,sub_4FF8C0,sub_4FF8C0
0x4FF930,sub_4FF930,sub_4FF930
0x4FF9D0,sub_4FF9D0,sub_4FF9D0
0x4FFB70,sub_4FFB70,sub_4FFB70
0x4FFE10,sub_4FFE10,sub_4FFE10
0x4FFEB0,sub_4FFEB0,sub_4FFEB0
0x4FFF10,sub_4FFF10,sub_4FFF10
0x4FFFF0,sub_4FFFF0,sub_4FFFF0
0x500090,sub_500090,sub_500090
0x500330,sub_500330,sub_500330
0x500600,sub_500600,sub_500600
0x5006A0,sub_5006A0,sub_5006A0
0x5006D0,sub_5006D0,sub_5006D0
0x500760,sub_500760,sub_500760
0x500820,sub_500820,sub_500820
0x500910,sub_500910,sub_500910
0x500B30,sub_500B30,sub_500B30
0x500C00,sub_500C00,sub_500C00
0x500CA0,sub_500CA0,sub_500CA0
0x500D50,sub_500D50,sub_500D50
0x5010D0,nullsub_10,nullsub_10
0x5010E0,sub_5010E0,sub_5010E0
0x501B60,nullsub_11,nullsub_11
0x501B70,sub_501B70,sub_501B70
0x501C10,sub_501C10,sub_501C10
0x501CB0,sub_501CB0,sub_501CB0
0x501D30,sub_501D30,sub_501D30
0x502030,sub_502030,sub_502030
0x5023B0,sub_5023B0,sub_5023B0
0x502410,sub_502410,sub_502410
0x5024B0,sub_5024B0,sub_5024B0
0x502520,sub_502520,sub_502520
0x502620,sub_502620,sub_502620
0x5026C0,sub_5026C0,sub_5026C0
0x502850,sub_502850,sub_502850
0x502C00,sub_502C00,sub_502C00
0x502CA0,sub_502CA0,sub_502CA0
0x502CF0,sub_502CF0,sub_502CF0
0x502DD0,sub_502DD0,sub_502DD0
0x502E70,sub_502E70,sub_502E70
0x502FC0,sub_502FC0,sub_502FC0
0x503190,sub_503190,sub_503190
0x503260,sub_503260,sub_503260
0x5032D0,sub_5032D0,sub_5032D0
0x503360,sub_503360,sub_503360
0x503570,sub_503570,sub_503570
0x5036C0,sub_5036C0,sub_5036C0
0x503740,sub_503740,sub_503740
0x503810,sub_503810,sub_503810
0x503860,sub_503860,sub_503860
0x5038B0,sub_5038B0,sub_5038B0
0x503920,sub_503920,sub_503920
0x503980,sub_503980,sub_503980
0x503A20,sub_503A20,sub_503A20
0x503A50,sub_503A50,sub_503A50
0x503AE0,sub_503AE0,sub_503AE0
0x503B10,sub_503B10,sub_503B10
0x503B90,sub_503B90,sub_503B90
0x503C70,sub_503C70,sub_503C70
0x503E90,sub_503E90,sub_503E90
0x503F80,sub_503F80,sub_503F80
0x504180,sub_504180,sub_504180
0x504240,sub_504240,sub_504240
0x504280,sub_504280,sub_504280
0x504390,sub_504390,sub_504390
0x504460,sub_504460,sub_504460
0x5047B0,sub_5047B0,sub_5047B0
0x504900,sub_504900,sub_504900
0x5049B0,sub_5049B0,sub_5049B0
0x504BA0,sub_504BA0,sub_504BA0
0x504C50,sub_504C50,sub_504C50
0x504D00,sub_504D00,sub_504D00
0x504DD0,??1exception@std@@UAE@XZ,std::exception::~exception(void)
0x504DE0,sub_504DE0,sub_504DE0
0x504E10,sub_504E10,sub_504E10
0x504E40,sub_504E40,sub_504E40
0x504EC0,sub_504EC0,sub_504EC0
0x504F40,sub_504F40,sub_504F40
0x5052D0,sub_5052D0,sub_5052D0
0x505330,sub_505330,sub_505330
0x505350,sub_505350,sub_505350
0x5053E0,sub_5053E0,sub_5053E0
0x5054A0,sub_5054A0,sub_5054A0
0x505500,sub_505500,sub_505500
0x505560,sub_505560,sub_505560
0x5055C0,sub_5055C0,sub_5055C0
0x505630,sub_505630,sub_505630
0x5056F0,sub_5056F0,sub_5056F0
0x5057F0,sub_5057F0,sub_5057F0
0x505850,sub_505850,sub_505850
0x505870,sub_505870,sub_505870
0x5058A0,sub_5058A0,sub_5058A0
0x505930,sub_505930,sub_505930
0x5059A0,sub_5059A0,sub_5059A0
0x505AC0,sub_505AC0,sub_505AC0
0x505AF0,sub_505AF0,sub_505AF0
0x505B80,sub_505B80,sub_505B80
0x505C00,sub_505C00,sub_505C00
0x505C30,sub_505C30,sub_505C30
0x505CA0,sub_505CA0,sub_505CA0
0x505CD0,sub_505CD0,sub_505CD0
0x505CF0,sub_505CF0,sub_505CF0
0x505D80,sub_505D80,sub_505D80
0x505DE0,sub_505DE0,sub_505DE0
0x505E30,sub_505E30,sub_505E30
0x505EA0,sub_505EA0,sub_505EA0
0x505F70,sub_505F70,sub_505F70
0x506030,sub_506030,sub_506030
0x506080,sub_506080,sub_506080
0x5060E0,sub_5060E0,sub_5060E0
0x506360,sub_506360,sub_506360
0x5063A0,sub_5063A0,sub_5063A0
0x506400,sub_506400,sub_506400
0x506460,sub_506460,sub_506460
0x506480,sub_506480,sub_506480
0x506560,sub_506560,sub_506560
0x506750,sub_506750,sub_506750
0x5067B0,sub_5067B0,sub_5067B0
0x506880,sub_506880,sub_506880
0x506970,sub_506970,sub_506970
0x506CA0,sub_506CA0,sub_506CA0
0x506CD0,sub_506CD0,sub_506CD0
0x506D70,sub_506D70,sub_506D70
0x506E90,sub_506E90,sub_506E90
0x506F30,sub_506F30,sub_506F30
0x507050,sub_507050,sub_507050
0x507130,sub_507130,sub_507130
0x5071E0,sub_5071E0,sub_5071E0
0x507270,sub_507270,sub_507270
0x507460,sub_507460,sub_507460
0x507490,sub_507490,sub_507490
0x507500,sub_507500,sub_507500
0x5075C0,sub_5075C0,sub_5075C0
0x507600,sub_507600,sub_507600
0x507690,sub_507690,sub_507690
0x507700,sub_507700,sub_507700
0x507A20,sub_507A20,sub_507A20
0x507A40,sub_507A40,sub_507A40
0x507AA0,sub_507AA0,sub_507AA0
0x507B70,sub_507B70,sub_507B70
0x507BF0,sub_507BF0,sub_507BF0
0x507CA0,sub_507CA0,sub_507CA0
0x507E10,sub_507E10,sub_507E10
0x507E70,sub_507E70,sub_507E70
0x507F20,sub_507F20,sub_507F20
0x507FE0,sub_507FE0,sub_507FE0
0x508060,sub_508060,sub_508060
0x5080B0,sub_5080B0,sub_5080B0
0x508170,sub_508170,sub_508170
0x5082F0,sub_5082F0,sub_5082F0
0x508580,sub_508580,sub_508580
0x5085E0,sub_5085E0,sub_5085E0
0x508650,sub_508650,sub_508650
0x5086B0,sub_5086B0,sub_5086B0
0x5086D0,sub_5086D0,sub_5086D0
0x508800,sub_508800,sub_508800
0x5088D0,sub_5088D0,sub_5088D0
0x508AE0,sub_508AE0,sub_508AE0
0x508BE0,sub_508BE0,sub_508BE0
0x508C50,sub_508C50,sub_508C50
0x508CD0,sub_508CD0,sub_508CD0
0x509000,sub_509000,sub_509000
0x509180,sub_509180,sub_509180
0x509230,sub_509230,sub_509230
0x509250,sub_509250,sub_509250
0x509280,sub_509280,sub_509280
0x5092F0,sub_5092F0,sub_5092F0
0x509410,sub_509410,sub_509410
0x5094E0,sub_5094E0,sub_5094E0
0x5095D0,sub_5095D0,sub_5095D0
0x5096B0,sub_5096B0,sub_5096B0
0x509760,sub_509760,sub_509760
0x5097E0,sub_5097E0,sub_5097E0
0x509960,sub_509960,sub_509960
0x5099B0,sub_5099B0,sub_5099B0
0x509A90,sub_509A90,sub_509A90
0x509B30,sub_509B30,sub_509B30
0x509B60,sub_509B60,sub_509B60
0x509C10,sub_509C10,sub_509C10
0x509C80,sub_509C80,sub_509C80
0x509D40,sub_509D40,sub_509D40
0x50A060,sub_50A060,sub_50A060
0x50A0F0,sub_50A0F0,sub_50A0F0
0x50A170,sub_50A170,sub_50A170
0x50A200,sub_50A200,sub_50A200
0x50A380,sub_50A380,sub_50A380
0x50A3E0,sub_50A3E0,sub_50A3E0
0x50A460,sub_50A460,sub_50A460
0x50A500,sub_50A500,sub_50A500
0x50A590,sub_50A590,sub_50A590
0x50A650,sub_50A650,sub_50A650
0x50A6A0,sub_50A6A0,sub_50A6A0
0x50A6F0,sub_50A6F0,sub_50A6F0
0x50A7B0,sub_50A7B0,sub_50A7B0
0x50A800,sub_50A800,sub_50A800
0x50AAE0,sub_50AAE0,sub_50AAE0
0x50AB30,sub_50AB30,sub_50AB30
0x50AE30,sub_50AE30,sub_50AE30
0x50AF00,sub_50AF00,sub_50AF00
0x50AF60,sub_50AF60,sub_50AF60
0x50AFC0,sub_50AFC0,sub_50AFC0
0x50AFE0,sub_50AFE0,sub_50AFE0
0x50B0D0,sub_50B0D0,sub_50B0D0
0x50B130,sub_50B130,sub_50B130
0x50B150,sub_50B150,sub_50B150
0x50B230,sub_50B230,sub_50B230
0x50B2C0,sub_50B2C0,sub_50B2C0
0x50B430,sub_50B430,sub_50B430
0x50B560,sub_50B560,sub_50B560
0x50B690,sub_50B690,sub_50B690
0x50B870,sub_50B870,sub_50B870
0x50BA50,sub_50BA50,sub_50BA50
0x50BAB0,sub_50BAB0,sub_50BAB0
0x50BB10,sub_50BB10,sub_50BB10
0x50BC10,sub_50BC10,sub_50BC10
0x50BD00,sub_50BD00,sub_50BD00
0x50BD90,sub_50BD90,sub_50BD90
0x50BE10,sub_50BE10,sub_50BE10
0x50C0C0,sub_50C0C0,sub_50C0C0
0x50C170,sub_50C170,sub_50C170
0x50C210,sub_50C210,sub_50C210
0x50C240,sub_50C240,sub_50C240
0x50C330,sub_50C330,sub_50C330
0x50C3A0,sub_50C3A0,sub_50C3A0
0x50C400,sub_50C400,sub_50C400
0x50C440,sub_50C440,sub_50C440
0x50C470,sub_50C470,sub_50C470
0x50C540,sub_50C540,sub_50C540
0x50C630,sub_50C630,sub_50C630
0x50C810,sub_50C810,sub_50C810
0x50C970,sub_50C970,sub_50C970
0x50CAE0,sub_50CAE0,sub_50CAE0
0x50CBB0,sub_50CBB0,sub_50CBB0
0x50CC50,sub_50CC50,sub_50CC50
0x50CCC0,sub_50CCC0,sub_50CCC0
0x50CDC0,sub_50CDC0,sub_50CDC0
0x50CF00,sub_50CF00,sub_50CF00
0x50CF80,sub_50CF80,sub_50CF80
0x50D2C0,sub_50D2C0,sub_50D2C0
0x50D390,sub_50D390,sub_50D390
0x50D430,sub_50D430,sub_50D430
0x50D690,sub_50D690,sub_50D690
0x50D6E0,sub_50D6E0,sub_50D6E0
0x50D720,sub_50D720,sub_50D720
0x50D780,sub_50D780,sub_50D780
0x50D7E0,sub_50D7E0,sub_50D7E0
0x50D800,sub_50D800,sub_50D800
0x50D850,sub_50D850,sub_50D850
0x50D920,sub_50D920,sub_50D920
0x50DB00,sub_50DB00,sub_50DB00
0x50DB60,sub_50DB60,sub_50DB60
0x50DBD0,sub_50DBD0,sub_50DBD0
0x50DC00,sub_50DC00,sub_50DC00
0x50DD10,sub_50DD10,sub_50DD10
0x50DDFD,@__security_check_cookie@4,__security_check_cookie(x)
0x50DE0C,_purecall,_purecall
0x50DE12,??3@YAXPAX@Z,operator delete(void *)
0x50DE18,??_Etype_info@@UAEPAXI@Z,type_info::`vector deleting destructor'(uint)
0x50DE64,?__ArrayUnwind@@YGXPAXIHP6EX0@Z@Z,"__ArrayUnwind(void *,uint,int,void (*)(void *))"
0x50DEC2,??_M@YGXPAXIHP6EX0@Z@Z,"`eh vector destructor iterator'(void *,uint,int,void (*)(void *))"
0x50DF25,??_L@YGXPAXIHP6EX0@Z1@Z,"`eh vector constructor iterator'(void *,uint,int,void (*)(void *),void (*)(void *))"
0x50DF8B,__onexit,__onexit
0x50E02C,_atexit,_atexit
0x50E044,?what@exception@std@@UBEPBDXZ,std::exception::what(void)
0x50E04A,??1exception@std@@UAE@XZ_0,std::exception::~exception(void)
0x50E050,??0exception@std@@QAE@ABV01@@Z,std::exception::exception(std::exception const &)
0x50E056,_pre_cpp_init,_pre_cpp_init
0x50E0A1,___tmainCRTStartup,___tmainCRTStartup
0x50E27A,_pre_c_init,_pre_c_init
0x50E334,start,start
0x50E33E,___report_gsfailure,___report_gsfailure
0x50E444,?terminate@@YAXXZ,terminate(void)
0x50E450,__SEH_prolog4,__SEH_prolog4
0x50E495,__SEH_epilog4,__SEH_epilog4
0x50E4A9,SEH_50E620,SEH_50E620
0x50E4CE,_unlock,_unlock
0x50E4D4,__dllonexit,__dllonexit
0x50E4DA,_lock,_lock
0x50E4E0,?__CxxUnhandledExceptionFilter@@YGJPAU_EXCEPTION_POINTERS@@@Z,__CxxUnhandledExceptionFilter(_EXCEPTION_POINTERS *)
0x50E522,sub_50E522,sub_50E522
0x50E530,_amsg_exit,_amsg_exit
0x50E536,sub_50E536,sub_50E536
0x50E55C,sub_50E55C,sub_50E55C
0x50E582,_XcptFilter,_XcptFilter
0x50E590,__ValidateImageBase,__ValidateImageBase
0x50E5D0,__FindPESection,__FindPESection
0x50E620,__IsNonwritableInCurrentImage,__IsNonwritableInCurrentImage
0x50E6DC,_initterm,_initterm
0x50E6E2,_initterm_e,_initterm_e
0x50E6E8,__setdefaultprecision,__setdefaultprecision
0x50E710,UserMathErrorFunction,UserMathErrorFunction
0x50E713,___security_init_cookie,___security_init_cookie
0x50E7AE,_crt_debugger_hook,_crt_debugger_hook
0x50E7B4,?_type_info_dtor_internal_method@type_info@@QAEXXZ,type_info::_type_info_dtor_internal_method(void)
0x50E7BA,_except_handler4_common,_except_handler4_common
0x50E7C0,_invoke_watson,_invoke_watson
0x50E7C6,_controlfp_s,_controlfp_s
0x50E7D0,memcpy,memcpy
0x50E7D6,memset,memset
0x50E7DC,__CxxFrameHandler3,__CxxFrameHandler3
0x50E7F0,__ftol2_sse,__ftol2_sse
0x50E826,__ftol2,__ftol2
0x50E89C,_CIpow,_CIpow
0x50E8A2,_CIatan,_CIatan
0x50E8A8,_CIacos,_CIacos
0x50E8B0,__allmul,__allmul
0x50E8F0,__aulldiv,__aulldiv
0x50E960,__alloca_probe,__alloca_probe
0x50E98C,_CIsqrt,_CIsqrt
0x50E992,_CIsin,_CIsin
0x50E998,_CIcos,_CIcos
0x50E99E,__EH_prolog3,__EH_prolog3
0x50E9D1,__EH_prolog3_catch,__EH_prolog3_catch
0x50EA07,__EH_prolog3_GS,__EH_prolog3_GS
0x50EA3D,__EH_epilog3,__EH_epilog3
0x50EA51,__EH_epilog3_GS,__EH_epilog3_GS
0x50EA60,_CxxThrowException,_CxxThrowException
0x50EA70,__alldiv,__alldiv
0x50EB20,__allrem,__allrem
0x50EBE0,__alldvrm,__alldvrm
0x50ECBF,sub_50ECBF,sub_50ECBF
0x528C9E,sub_528C9E,sub_528C9E
0x528CA9,sub_528CA9,sub_528CA9
0x528CB4,sub_528CB4,sub_528CB4
0x528CBF,sub_528CBF,sub_528CBF
0x528CCA,sub_528CCA,sub_528CCA
0x528CD5,sub_528CD5,sub_528CD5
0x528CE0,sub_528CE0,sub_528CE0
0x528CEB,sub_528CEB,sub_528CEB
0x528CF6,sub_528CF6,sub_528CF6
0x528D01,sub_528D01,sub_528D01
0x528D17,sub_528D17,sub_528D17
0x52B900,sub_52B900,sub_52B900
0x52B916,sub_52B916,sub_52B916
0x52B92C,sub_52B92C,sub_52B92C
0x52B940,sub_52B940,sub_52B940
0x52B980,sub_52B980,sub_52B980
0x52B9B0,sub_52B9B0,sub_52B9B0
0x52BE20,sub_52BE20,sub_52BE20
0x52BE50,sub_52BE50,sub_52BE50
0x52BE80,sub_52BE80,sub_52BE80
0x52BEB0,sub_52BEB0,sub_52BEB0
0x52BEE0,sub_52BEE0,sub_52BEE0
0x52BF10,sub_52BF10,sub_52BF10
0x52BF40,sub_52BF40,sub_52BF40
0x52BF70,sub_52BF70,sub_52BF70
0x52BFA0,sub_52BFA0,sub_52BFA0
0x52BFD0,sub_52BFD0,sub_52BFD0
0x52C000,sub_52C000,sub_52C000
0x52C030,sub_52C030,sub_52C030
0x52C060,sub_52C060,sub_52C060
0x52C090,sub_52C090,sub_52C090
0x52C0A7,sub_52C0A7,sub_52C0A7
0x52C0BE,sub_52C0BE,sub_52C0BE
0x52C0D0,sub_52C0D0,sub_52C0D0
0x52C0F0,sub_52C0F0,sub_52C0F0
0x52C120,sub_52C120,sub_52C120
0x52C140,sub_52C140,sub_52C140
0x52C170,sub_52C170,sub_52C170
0x52C1A0,sub_52C1A0,sub_52C1A0
0x52C1D0,sub_52C1D0,sub_52C1D0
0x52C200,sub_52C200,sub_52C200
0x52C230,sub_52C230,sub_52C230
0x52C260,sub_52C260,sub_52C260
0x52C290,sub_52C290,sub_52C290
0x52C2C0,sub_52C2C0,sub_52C2C0
0x52C2F0,sub_52C2F0,sub_52C2F0
0x52C320,sub_52C320,sub_52C320
0x52C350,sub_52C350,sub_52C350
0x52C380,sub_52C380,sub_52C380
